-- MySQL dump 10.13  Distrib 8.0.26, for Linux (x86_64)
--
-- Host: prod-orion-general-57-proxy.proxy-cx9hfs3a0khy.us-east-2.rds.amazonaws.com    Database: cust_forms_prd
-- ------------------------------------------------------
-- Server version	5.7.12

/*!40101 SET @OLD_CHARACTER_SET_CLIENT=@@CHARACTER_SET_CLIENT */;
/*!40101 SET @OLD_CHARACTER_SET_RESULTS=@@CHARACTER_SET_RESULTS */;
/*!40101 SET @OLD_COLLATION_CONNECTION=@@COLLATION_CONNECTION */;
/*!50503 SET NAMES utf8mb4 */;
/*!40103 SET @OLD_TIME_ZONE=@@TIME_ZONE */;
/*!40103 SET TIME_ZONE='+00:00' */;
/*!40014 SET @OLD_UNIQUE_CHECKS=@@UNIQUE_CHECKS, UNIQUE_CHECKS=0 */;
/*!40014 SET @OLD_FOREIGN_KEY_CHECKS=@@FOREIGN_KEY_CHECKS, FOREIGN_KEY_CHECKS=0 */;
/*!40101 SET @OLD_SQL_MODE=@@SQL_MODE, SQL_MODE='NO_AUTO_VALUE_ON_ZERO' */;
/*!40111 SET @OLD_SQL_NOTES=@@SQL_NOTES, SQL_NOTES=0 */;

--
-- Table structure for table `ar_internal_metadata`
--

DROP TABLE IF EXISTS `ar_internal_metadata`;
/*!40101 SET @saved_cs_client     = @@character_set_client */;
/*!50503 SET character_set_client = utf8mb4 */;
CREATE TABLE `ar_internal_metadata` (
  `key` varchar(255) CHARACTER SET utf8 COLLATE utf8_unicode_ci NOT NULL,
  `value` varchar(255) COLLATE utf8mb4_unicode_ci DEFAULT NULL,
  `created_at` datetime NOT NULL,
  `updated_at` datetime NOT NULL,
  PRIMARY KEY (`key`)
) ENGINE=InnoDB DEFAULT CHARSET=utf8mb4 COLLATE=utf8mb4_unicode_ci;
/*!40101 SET character_set_client = @saved_cs_client */;

--
-- Dumping data for table `ar_internal_metadata`
--

LOCK TABLES `ar_internal_metadata` WRITE;
/*!40000 ALTER TABLE `ar_internal_metadata` DISABLE KEYS */;
INSERT INTO `ar_internal_metadata` VALUES ('environment','production','2023-08-12 22:34:55','2023-08-12 22:34:55');
/*!40000 ALTER TABLE `ar_internal_metadata` ENABLE KEYS */;
UNLOCK TABLES;

--
-- Table structure for table `form_assignments`
--

DROP TABLE IF EXISTS `form_assignments`;
/*!40101 SET @saved_cs_client     = @@character_set_client */;
/*!50503 SET character_set_client = utf8mb4 */;
CREATE TABLE `form_assignments` (
  `id` bigint(20) NOT NULL AUTO_INCREMENT,
  `form_id` bigint(20) DEFAULT NULL,
  `category` varchar(255) COLLATE utf8mb4_unicode_ci NOT NULL,
  `category_id` bigint(20) NOT NULL,
  `tenant_id` varchar(50) COLLATE utf8mb4_unicode_ci NOT NULL,
  `created_at` datetime NOT NULL,
  `updated_at` datetime NOT NULL,
  PRIMARY KEY (`id`),
  KEY `index_form_assignments_on_form_id` (`form_id`),
  KEY `index_form_assignments_on_category_category_id_tenant_id` (`category`,`category_id`,`tenant_id`)
) ENGINE=InnoDB AUTO_INCREMENT=24 DEFAULT CHARSET=utf8mb4 COLLATE=utf8mb4_unicode_ci ROW_FORMAT=DYNAMIC;
/*!40101 SET character_set_client = @saved_cs_client */;

--
-- Dumping data for table `form_assignments`
--

LOCK TABLES `form_assignments` WRITE;
/*!40000 ALTER TABLE `form_assignments` DISABLE KEYS */;
INSERT INTO `form_assignments` VALUES (4,3,'REFERRALS_DEFAULT',0,'d242a518-4074-4bd4-a3a6-adfe0c5c1c51','2023-12-12 17:45:56','2023-12-12 17:45:56'),(6,5,'REFERRAL_TYPE',2554803159,'d242a518-4074-4bd4-a3a6-adfe0c5c1c51','2024-01-16 21:23:35','2024-01-16 21:23:35'),(7,5,'MEDICAL_SERVICE',33536475,'d242a518-4074-4bd4-a3a6-adfe0c5c1c51','2024-02-01 07:27:04','2024-02-01 07:27:04'),(8,6,'REFERRALS_DEFAULT',0,'nya9mWd9vqI_z1LcF5uLfCwewAGCVrY1','2024-06-07 12:52:49','2024-06-07 12:52:49'),(9,7,'MEDICAL_SERVICE',313000,'nya9mWd9vqI_z1LcF5uLfCwewAGCVrY1','2024-06-07 13:06:31','2024-06-07 13:06:31'),(10,8,'REFERRAL_TYPE',725611843,'nya9mWd9vqI_z1LcF5uLfCwewAGCVrY1','2024-06-07 13:13:48','2024-06-07 13:13:48'),(11,9,'MEDICAL_SERVICE',29307779,'d242a518-4074-4bd4-a3a6-adfe0c5c1c51','2024-08-22 13:12:48','2024-08-22 13:12:48'),(12,9,'REFERRAL_TYPE',2554803171,'d242a518-4074-4bd4-a3a6-adfe0c5c1c51','2024-08-22 13:12:48','2024-08-22 13:12:48'),(13,10,'REFERRALS_DEFAULT',0,'Vo3nb7XNL_9G2kQXBPPW3-r0QcpkrCy7','2024-09-23 17:48:11','2024-09-23 17:48:11'),(14,11,'MEDICAL_SERVICE',22516448,'d242a518-4074-4bd4-a3a6-adfe0c5c1c51','2024-12-19 14:45:43','2024-12-19 14:45:43'),(15,11,'REFERRAL_TYPE',2554803171,'d242a518-4074-4bd4-a3a6-adfe0c5c1c51','2024-12-19 14:45:43','2024-12-19 14:45:43'),(16,12,'MEDICAL_SERVICE',11359640001,'Vo3nb7XNL_9G2kQXBPPW3-r0QcpkrCy7','2024-12-20 21:33:51','2024-12-20 21:33:51'),(17,12,'REFERRAL_TYPE',4312204649,'Vo3nb7XNL_9G2kQXBPPW3-r0QcpkrCy7','2024-12-20 21:33:51','2024-12-20 21:33:51'),(18,13,'REFERRALS_DEFAULT',0,'ca4a8f02-2e38-4ac0-8046-6fe12e338508','2025-01-30 18:16:00','2025-01-30 18:16:00'),(19,14,'REFERRAL_TYPE',725611843,'ca4a8f02-2e38-4ac0-8046-6fe12e338508','2025-01-30 22:29:13','2025-01-30 22:29:13'),(20,15,'MEDICAL_SERVICE',313000,'ca4a8f02-2e38-4ac0-8046-6fe12e338508','2025-02-03 23:29:02','2025-02-03 23:29:02'),(21,16,'REFERRALS_DEFAULT',0,'AdmVvrbHriE7AWDLGoyfeuamNXOy9O_a','2025-02-06 16:00:51','2025-02-06 16:00:51');
/*!40000 ALTER TABLE `form_assignments` ENABLE KEYS */;
UNLOCK TABLES;

--
-- Table structure for table `form_elements`
--

DROP TABLE IF EXISTS `form_elements`;
/*!40101 SET @saved_cs_client     = @@character_set_client */;
/*!50503 SET character_set_client = utf8mb4 */;
CREATE TABLE `form_elements` (
  `id` bigint(20) NOT NULL AUTO_INCREMENT,
  `form_id` bigint(20) DEFAULT NULL,
  `form_field_id` bigint(20) DEFAULT NULL,
  `sequence` int(11) NOT NULL,
  `default_value` varchar(255) COLLATE utf8mb4_unicode_ci DEFAULT NULL,
  `is_required` tinyint(1) NOT NULL,
  `use_last_entry` tinyint(1) NOT NULL,
  `conditional_field_key` varchar(255) COLLATE utf8mb4_unicode_ci DEFAULT NULL,
  `conditional_field_value` varchar(255) COLLATE utf8mb4_unicode_ci DEFAULT NULL,
  `created_at` datetime NOT NULL,
  `updated_at` datetime NOT NULL,
  PRIMARY KEY (`id`),
  KEY `index_form_elements_on_form_id` (`form_id`),
  KEY `index_form_elements_on_form_field_id` (`form_field_id`)
) ENGINE=InnoDB AUTO_INCREMENT=234 DEFAULT CHARSET=utf8mb4 COLLATE=utf8mb4_unicode_ci ROW_FORMAT=DYNAMIC;
/*!40101 SET character_set_client = @saved_cs_client */;

--
-- Dumping data for table `form_elements`
--

LOCK TABLES `form_elements` WRITE;
/*!40000 ALTER TABLE `form_elements` DISABLE KEYS */;
INSERT INTO `form_elements` VALUES (24,3,20,1,NULL,1,0,NULL,NULL,'2023-12-12 17:45:56','2023-12-12 17:45:56'),(25,3,21,2,NULL,0,0,NULL,NULL,'2023-12-12 17:45:56','2024-03-21 18:00:08'),(26,3,22,3,NULL,1,0,NULL,NULL,'2023-12-12 17:45:56','2023-12-12 17:45:56'),(27,3,23,4,NULL,0,0,NULL,NULL,'2023-12-12 17:45:56','2023-12-12 17:45:56'),(28,3,24,5,NULL,0,0,NULL,NULL,'2023-12-12 17:45:56','2023-12-12 17:45:56'),(29,3,25,7,NULL,0,0,NULL,NULL,'2023-12-12 17:45:56','2023-12-12 17:45:56'),(30,3,26,6,NULL,0,0,NULL,NULL,'2023-12-12 17:45:56','2023-12-12 17:45:56'),(31,3,27,8,NULL,1,0,NULL,NULL,'2023-12-12 17:45:56','2023-12-12 17:45:56'),(32,3,28,9,NULL,0,0,NULL,NULL,'2023-12-12 17:45:56','2023-12-12 17:45:56'),(33,3,29,10,NULL,0,0,NULL,NULL,'2023-12-12 17:45:56','2023-12-12 17:45:56'),(34,3,30,11,NULL,1,0,NULL,NULL,'2023-12-12 17:45:56','2023-12-12 17:45:56'),(35,3,31,12,NULL,1,0,NULL,NULL,'2023-12-12 17:45:56','2023-12-12 17:45:56'),(36,3,32,13,NULL,0,0,NULL,NULL,'2023-12-12 17:45:56','2023-12-12 17:45:56'),(37,3,33,14,NULL,0,0,NULL,NULL,'2023-12-12 17:45:56','2023-12-12 17:45:56'),(38,3,38,15,NULL,0,0,NULL,NULL,'2023-12-12 17:45:56','2023-12-12 17:45:56'),(39,4,20,1,NULL,1,0,NULL,NULL,'2023-12-14 12:33:55','2023-12-14 12:33:55'),(40,4,21,2,NULL,1,0,NULL,NULL,'2023-12-14 12:33:55','2023-12-14 12:33:55'),(41,4,22,3,NULL,1,0,NULL,NULL,'2023-12-14 12:33:55','2023-12-14 12:33:55'),(42,4,25,4,NULL,0,0,NULL,NULL,'2023-12-14 12:33:55','2023-12-14 12:33:55'),(43,4,26,5,NULL,0,0,NULL,NULL,'2023-12-14 12:33:55','2023-12-14 12:33:55'),(44,4,27,6,NULL,1,0,NULL,NULL,'2023-12-14 12:33:55','2023-12-14 12:33:55'),(45,4,30,7,NULL,0,0,NULL,NULL,'2023-12-14 12:33:55','2023-12-14 12:33:55'),(46,4,31,8,NULL,1,0,NULL,NULL,'2023-12-14 12:33:55','2023-12-14 12:33:55'),(47,4,38,9,NULL,0,0,NULL,NULL,'2023-12-14 12:34:26','2023-12-14 12:34:26'),(48,4,40,10,NULL,0,0,NULL,NULL,'2023-12-14 12:34:26','2023-12-14 12:34:26'),(49,4,39,11,NULL,0,0,NULL,NULL,'2023-12-14 12:34:26','2023-12-14 12:34:26'),(50,5,20,1,NULL,1,0,NULL,NULL,'2024-01-16 21:20:11','2024-01-16 21:20:11'),(51,5,21,2,NULL,1,0,NULL,NULL,'2024-01-16 21:20:11','2024-01-16 21:20:11'),(52,5,22,3,NULL,1,0,NULL,NULL,'2024-01-16 21:20:11','2024-02-01 07:32:23'),(53,5,25,9,NULL,0,0,NULL,NULL,'2024-01-16 21:20:11','2024-02-01 07:37:37'),(54,5,26,10,NULL,0,0,NULL,NULL,'2024-01-16 21:20:11','2024-02-01 07:37:37'),(55,5,27,11,NULL,1,0,NULL,NULL,'2024-01-16 21:20:11','2024-02-01 07:37:37'),(56,5,30,12,NULL,0,0,NULL,NULL,'2024-01-16 21:20:11','2024-02-01 07:37:37'),(57,5,31,13,NULL,1,0,NULL,NULL,'2024-01-16 21:20:11','2024-02-01 07:37:37'),(64,5,29,4,NULL,1,0,NULL,NULL,'2024-02-01 07:26:39','2024-03-21 18:00:25'),(65,5,33,5,NULL,0,0,NULL,NULL,'2024-02-01 07:37:37','2024-02-01 07:37:37'),(66,5,39,6,NULL,0,0,NULL,NULL,'2024-02-01 07:37:37','2024-02-01 07:37:37'),(67,5,38,7,NULL,0,0,NULL,NULL,'2024-02-01 07:37:37','2024-02-01 07:37:37'),(68,5,32,8,NULL,0,0,NULL,NULL,'2024-02-01 07:37:37','2024-02-01 07:37:37'),(69,6,43,1,NULL,1,0,NULL,NULL,'2024-06-07 12:52:49','2024-06-07 12:52:49'),(70,6,44,2,NULL,1,0,NULL,NULL,'2024-06-07 12:52:49','2024-06-07 12:52:49'),(71,6,45,3,NULL,1,0,NULL,NULL,'2024-06-07 12:52:49','2024-06-07 12:52:49'),(72,6,46,4,NULL,0,0,NULL,NULL,'2024-06-07 12:52:49','2024-06-07 12:52:49'),(73,6,47,5,NULL,0,0,NULL,NULL,'2024-06-07 12:52:49','2024-06-07 12:52:49'),(74,6,48,7,NULL,0,0,NULL,NULL,'2024-06-07 12:52:49','2024-06-07 12:52:49'),(75,6,49,6,NULL,0,0,NULL,NULL,'2024-06-07 12:52:49','2024-06-07 12:52:49'),(76,6,50,8,NULL,1,0,NULL,NULL,'2024-06-07 12:52:49','2024-06-07 12:52:49'),(77,6,51,9,NULL,0,0,NULL,NULL,'2024-06-07 12:52:49','2024-06-07 12:52:49'),(78,6,52,10,NULL,0,0,NULL,NULL,'2024-06-07 12:52:49','2024-06-07 12:52:49'),(79,6,53,11,NULL,1,0,NULL,NULL,'2024-06-07 12:52:49','2024-06-07 12:52:49'),(80,6,54,12,NULL,1,0,NULL,NULL,'2024-06-07 12:52:49','2024-06-07 12:52:49'),(81,6,55,13,NULL,0,0,NULL,NULL,'2024-06-07 12:52:49','2024-06-07 12:52:49'),(82,6,56,14,NULL,0,0,NULL,NULL,'2024-06-07 12:52:49','2024-06-07 12:52:49'),(83,6,61,15,NULL,0,0,NULL,NULL,'2024-06-07 12:52:49','2024-06-07 12:52:49'),(84,7,43,1,NULL,1,0,NULL,NULL,'2024-06-07 12:53:20','2024-06-07 12:53:20'),(85,7,44,2,NULL,1,0,NULL,NULL,'2024-06-07 12:53:21','2024-06-07 12:53:21'),(86,7,45,3,NULL,1,0,NULL,NULL,'2024-06-07 12:53:21','2024-06-07 12:53:21'),(87,7,48,4,NULL,0,0,NULL,NULL,'2024-06-07 12:53:21','2024-06-07 12:53:21'),(88,7,49,5,NULL,0,0,NULL,NULL,'2024-06-07 12:53:21','2024-06-07 12:53:21'),(89,7,50,6,NULL,1,0,NULL,NULL,'2024-06-07 12:53:21','2024-06-07 12:53:21'),(90,7,53,7,NULL,0,0,NULL,NULL,'2024-06-07 12:53:21','2024-06-07 12:53:21'),(91,7,54,8,NULL,1,0,NULL,NULL,'2024-06-07 12:53:21','2024-06-07 12:53:21'),(92,7,62,9,NULL,0,0,NULL,NULL,'2024-06-07 13:06:35','2024-06-07 13:06:35'),(93,7,63,10,NULL,0,0,NULL,NULL,'2024-06-07 13:06:35','2024-06-07 13:06:35'),(94,7,64,11,NULL,0,0,NULL,NULL,'2024-06-07 13:06:35','2024-06-07 13:06:35'),(95,7,65,12,NULL,0,0,NULL,NULL,'2024-06-07 13:06:35','2024-06-07 13:06:35'),(96,7,66,13,NULL,0,0,NULL,NULL,'2024-06-07 13:06:35','2024-06-07 13:06:35'),(97,7,67,14,NULL,0,0,NULL,NULL,'2024-06-07 13:06:35','2024-06-07 13:06:35'),(98,7,68,15,NULL,0,0,NULL,NULL,'2024-06-07 13:06:35','2024-06-07 13:06:35'),(99,7,69,16,NULL,0,0,NULL,NULL,'2024-06-07 13:06:35','2024-06-07 13:06:35'),(100,7,70,17,NULL,0,0,NULL,NULL,'2024-06-07 13:06:35','2024-06-07 13:06:35'),(101,7,71,18,NULL,0,0,NULL,NULL,'2024-06-07 13:06:35','2024-06-07 13:06:35'),(102,7,72,19,NULL,0,0,NULL,NULL,'2024-06-07 13:06:35','2024-06-07 13:06:35'),(103,8,43,1,NULL,1,0,NULL,NULL,'2024-06-07 13:07:10','2024-06-07 13:07:10'),(104,8,44,2,NULL,1,0,NULL,NULL,'2024-06-07 13:07:10','2024-06-07 13:07:10'),(105,8,45,3,NULL,1,0,NULL,NULL,'2024-06-07 13:07:10','2024-06-07 13:07:10'),(106,8,48,4,NULL,0,0,NULL,NULL,'2024-06-07 13:07:10','2024-06-07 13:07:10'),(107,8,49,5,NULL,0,0,NULL,NULL,'2024-06-07 13:07:10','2024-06-07 13:07:10'),(108,8,50,6,NULL,1,0,NULL,NULL,'2024-06-07 13:07:10','2024-06-07 13:07:10'),(109,8,53,7,NULL,0,0,NULL,NULL,'2024-06-07 13:07:10','2024-06-07 13:07:10'),(110,8,54,8,NULL,1,0,NULL,NULL,'2024-06-07 13:07:10','2024-06-07 13:07:10'),(111,8,55,9,NULL,0,0,NULL,NULL,'2024-06-07 13:13:51','2024-06-07 13:13:51'),(112,8,73,10,NULL,0,0,NULL,NULL,'2024-06-07 13:13:51','2024-06-07 13:13:51'),(113,8,75,11,NULL,0,0,NULL,NULL,'2024-06-07 13:13:51','2024-06-07 13:13:51'),(114,8,76,12,NULL,0,0,NULL,NULL,'2024-06-07 13:13:51','2024-06-07 13:13:51'),(115,9,20,1,NULL,1,0,NULL,NULL,'2024-08-22 13:11:50','2024-08-22 13:11:50'),(116,9,21,2,NULL,1,0,NULL,NULL,'2024-08-22 13:11:50','2024-12-19 14:46:29'),(117,9,22,3,NULL,1,0,NULL,NULL,'2024-08-22 13:11:50','2024-08-22 13:11:50'),(118,9,25,4,NULL,0,0,NULL,NULL,'2024-08-22 13:11:50','2024-08-22 13:11:50'),(119,9,26,7,NULL,0,0,NULL,NULL,'2024-08-22 13:11:50','2024-08-22 13:14:31'),(120,9,27,8,NULL,1,0,NULL,NULL,'2024-08-22 13:11:50','2024-08-22 13:14:31'),(121,9,30,9,NULL,0,0,NULL,NULL,'2024-08-22 13:11:50','2024-08-22 13:14:31'),(122,9,31,10,NULL,1,0,NULL,NULL,'2024-08-22 13:11:50','2024-08-22 13:14:31'),(123,9,34,5,NULL,0,0,NULL,NULL,'2024-08-22 13:14:31','2024-08-22 13:14:31'),(124,9,35,6,NULL,0,0,NULL,NULL,'2024-08-22 13:14:31','2024-08-22 13:14:31'),(125,10,79,1,NULL,1,0,NULL,NULL,'2024-09-23 17:48:11','2024-09-23 17:48:11'),(126,10,80,2,NULL,0,0,NULL,NULL,'2024-09-23 17:48:11','2024-09-25 02:50:54'),(127,10,81,3,NULL,1,0,NULL,NULL,'2024-09-23 17:48:11','2024-09-23 17:48:11'),(128,10,82,4,NULL,0,0,NULL,NULL,'2024-09-23 17:48:11','2024-09-23 17:48:11'),(129,10,83,5,NULL,0,0,NULL,NULL,'2024-09-23 17:48:11','2024-09-23 17:48:11'),(130,10,84,7,NULL,0,0,NULL,NULL,'2024-09-23 17:48:11','2024-09-23 17:48:11'),(131,10,85,6,NULL,0,0,NULL,NULL,'2024-09-23 17:48:11','2024-09-23 17:48:11'),(132,10,86,8,NULL,1,0,NULL,NULL,'2024-09-23 17:48:11','2024-09-23 17:48:11'),(133,10,87,9,NULL,0,0,NULL,NULL,'2024-09-23 17:48:11','2024-09-23 17:48:11'),(134,10,88,10,NULL,0,0,NULL,NULL,'2024-09-23 17:48:11','2024-09-23 17:48:11'),(135,10,89,11,NULL,1,0,NULL,NULL,'2024-09-23 17:48:11','2024-09-23 17:48:11'),(136,10,90,12,NULL,1,0,NULL,NULL,'2024-09-23 17:48:11','2024-09-23 17:48:11'),(137,10,91,13,NULL,0,0,NULL,NULL,'2024-09-23 17:48:11','2024-09-23 17:48:11'),(138,10,92,14,NULL,0,0,NULL,NULL,'2024-09-23 17:48:11','2024-09-23 17:48:11'),(139,10,97,15,NULL,0,0,NULL,NULL,'2024-09-23 17:48:11','2024-09-23 17:48:11'),(140,11,20,1,NULL,1,0,NULL,NULL,'2024-12-19 14:45:30','2024-12-19 14:45:30'),(141,11,21,2,NULL,0,0,NULL,NULL,'2024-12-19 14:45:30','2024-12-19 14:45:30'),(142,11,22,3,NULL,1,0,NULL,NULL,'2024-12-19 14:45:30','2024-12-19 14:45:30'),(143,11,25,4,NULL,0,0,NULL,NULL,'2024-12-19 14:45:30','2024-12-19 14:45:30'),(144,11,26,5,NULL,0,0,NULL,NULL,'2024-12-19 14:45:30','2024-12-19 14:45:30'),(145,11,27,6,NULL,1,0,NULL,NULL,'2024-12-19 14:45:30','2024-12-19 14:45:30'),(146,11,30,7,NULL,0,0,NULL,NULL,'2024-12-19 14:45:30','2024-12-19 14:45:30'),(147,11,31,8,NULL,1,0,NULL,NULL,'2024-12-19 14:45:30','2024-12-19 14:45:30'),(148,11,28,9,NULL,0,0,NULL,NULL,'2024-12-19 14:45:45','2024-12-19 14:45:45'),(149,12,79,1,NULL,1,0,NULL,NULL,'2024-12-20 21:31:41','2024-12-20 21:31:41'),(150,12,80,2,NULL,0,0,NULL,NULL,'2024-12-20 21:31:41','2024-12-20 21:31:41'),(151,12,81,3,NULL,1,0,NULL,NULL,'2024-12-20 21:31:41','2024-12-20 21:31:41'),(152,12,84,4,NULL,0,0,NULL,NULL,'2024-12-20 21:31:41','2024-12-20 21:31:41'),(153,12,85,5,NULL,0,0,NULL,NULL,'2024-12-20 21:31:41','2024-12-20 21:31:41'),(154,12,86,6,NULL,1,0,NULL,NULL,'2024-12-20 21:31:41','2024-12-20 21:31:41'),(155,12,89,7,NULL,0,0,NULL,NULL,'2024-12-20 21:31:41','2024-12-20 21:31:41'),(156,12,90,8,NULL,1,0,NULL,NULL,'2024-12-20 21:31:41','2024-12-20 21:31:41'),(157,12,104,9,NULL,1,0,NULL,NULL,'2024-12-20 21:33:26','2024-12-20 21:33:26'),(158,13,107,1,NULL,1,0,NULL,NULL,'2025-01-30 18:16:00','2025-01-30 18:16:00'),(159,13,108,2,NULL,1,0,NULL,NULL,'2025-01-30 18:16:00','2025-01-30 18:16:00'),(160,13,109,3,NULL,1,0,NULL,NULL,'2025-01-30 18:16:00','2025-01-30 18:16:00'),(161,13,110,4,NULL,0,0,NULL,NULL,'2025-01-30 18:16:00','2025-01-30 18:16:00'),(162,13,111,5,NULL,0,0,NULL,NULL,'2025-01-30 18:16:00','2025-01-30 18:16:00'),(163,13,112,7,NULL,0,0,NULL,NULL,'2025-01-30 18:16:00','2025-01-30 18:16:00'),(164,13,113,6,NULL,0,0,NULL,NULL,'2025-01-30 18:16:00','2025-01-30 18:16:00'),(165,13,114,8,NULL,1,0,NULL,NULL,'2025-01-30 18:16:00','2025-01-30 18:16:00'),(166,13,115,9,NULL,0,0,NULL,NULL,'2025-01-30 18:16:00','2025-01-30 18:16:00'),(167,13,116,10,NULL,0,0,NULL,NULL,'2025-01-30 18:16:00','2025-01-30 18:16:00'),(168,13,117,11,NULL,1,0,NULL,NULL,'2025-01-30 18:16:00','2025-01-30 18:16:00'),(169,13,118,12,NULL,1,0,NULL,NULL,'2025-01-30 18:16:00','2025-01-30 18:16:00'),(170,13,119,13,NULL,0,0,NULL,NULL,'2025-01-30 18:16:00','2025-01-30 18:16:00'),(171,13,120,14,NULL,0,0,NULL,NULL,'2025-01-30 18:16:00','2025-01-30 18:16:00'),(172,13,125,15,NULL,0,0,NULL,NULL,'2025-01-30 18:16:00','2025-01-30 18:16:00'),(173,14,107,1,NULL,1,0,NULL,NULL,'2025-01-30 22:22:25','2025-01-30 22:22:25'),(174,14,108,2,NULL,0,0,NULL,NULL,'2025-01-30 22:22:25','2025-01-30 22:22:25'),(175,14,109,3,NULL,1,0,NULL,NULL,'2025-01-30 22:22:25','2025-01-30 22:22:25'),(176,14,112,4,NULL,0,0,NULL,NULL,'2025-01-30 22:22:25','2025-01-30 22:22:25'),(177,14,113,5,NULL,0,0,NULL,NULL,'2025-01-30 22:22:25','2025-01-30 22:22:25'),(178,14,114,6,NULL,1,0,NULL,NULL,'2025-01-30 22:22:25','2025-01-30 22:22:25'),(179,14,117,7,NULL,0,0,NULL,NULL,'2025-01-30 22:22:25','2025-01-30 22:22:25'),(180,14,118,8,NULL,1,0,NULL,NULL,'2025-01-30 22:22:25','2025-01-30 22:22:25'),(181,14,119,9,NULL,0,0,NULL,NULL,'2025-01-30 22:28:56','2025-01-30 22:28:56'),(182,14,128,10,NULL,0,0,NULL,NULL,'2025-01-30 22:28:56','2025-01-30 22:28:56'),(183,14,129,11,NULL,0,0,NULL,NULL,'2025-01-30 22:28:56','2025-01-30 22:28:56'),(184,14,130,12,NULL,0,0,NULL,NULL,'2025-01-30 22:28:56','2025-01-30 22:28:56'),(185,15,107,1,NULL,1,0,NULL,NULL,'2025-02-03 23:17:18','2025-02-03 23:17:18'),(186,15,108,2,NULL,0,0,NULL,NULL,'2025-02-03 23:17:18','2025-02-03 23:17:18'),(187,15,109,3,NULL,1,0,NULL,NULL,'2025-02-03 23:17:18','2025-02-03 23:17:18'),(188,15,112,4,NULL,0,0,NULL,NULL,'2025-02-03 23:17:18','2025-02-03 23:17:18'),(189,15,113,5,NULL,0,0,NULL,NULL,'2025-02-03 23:17:18','2025-02-03 23:17:18'),(190,15,114,6,NULL,1,0,NULL,NULL,'2025-02-03 23:17:18','2025-02-03 23:17:18'),(191,15,117,7,NULL,0,0,NULL,NULL,'2025-02-03 23:17:18','2025-02-03 23:17:18'),(192,15,118,8,NULL,1,0,NULL,NULL,'2025-02-03 23:17:18','2025-02-03 23:17:18'),(193,15,131,9,NULL,0,0,NULL,NULL,'2025-02-03 23:18:42','2025-02-03 23:18:42'),(194,15,132,10,NULL,0,0,NULL,NULL,'2025-02-03 23:28:53','2025-02-03 23:28:53'),(195,15,133,11,NULL,0,0,NULL,NULL,'2025-02-03 23:28:53','2025-02-03 23:28:53'),(196,15,134,12,NULL,0,0,NULL,NULL,'2025-02-03 23:28:53','2025-02-03 23:28:53'),(197,15,135,13,NULL,0,0,NULL,NULL,'2025-02-03 23:28:53','2025-02-03 23:28:53'),(198,15,136,14,NULL,0,0,NULL,NULL,'2025-02-03 23:28:53','2025-02-03 23:28:53'),(199,15,137,15,NULL,0,0,NULL,NULL,'2025-02-03 23:28:53','2025-02-03 23:28:53'),(200,15,138,16,NULL,0,0,NULL,NULL,'2025-02-03 23:28:53','2025-02-03 23:28:53'),(201,15,139,17,NULL,0,0,NULL,NULL,'2025-02-03 23:28:53','2025-02-03 23:28:53'),(202,15,140,18,NULL,0,0,NULL,NULL,'2025-02-03 23:28:53','2025-02-03 23:28:53'),(203,15,141,19,NULL,0,0,NULL,NULL,'2025-02-03 23:28:53','2025-02-03 23:28:53'),(204,16,144,1,NULL,1,0,NULL,NULL,'2025-02-06 16:00:50','2025-02-06 16:00:50'),(205,16,145,2,NULL,1,0,NULL,NULL,'2025-02-06 16:00:50','2025-02-06 16:00:50'),(206,16,146,3,NULL,1,0,NULL,NULL,'2025-02-06 16:00:51','2025-02-06 16:00:51'),(207,16,147,4,NULL,0,0,NULL,NULL,'2025-02-06 16:00:51','2025-02-06 16:00:51'),(208,16,148,5,NULL,0,0,NULL,NULL,'2025-02-06 16:00:51','2025-02-06 16:00:51'),(209,16,149,7,NULL,1,0,NULL,NULL,'2025-02-06 16:00:51','2025-02-06 16:02:56'),(210,16,150,6,NULL,0,0,NULL,NULL,'2025-02-06 16:00:51','2025-02-06 16:00:51'),(211,16,151,8,NULL,1,0,NULL,NULL,'2025-02-06 16:00:51','2025-02-06 16:00:51'),(212,16,152,9,NULL,0,0,NULL,NULL,'2025-02-06 16:00:51','2025-02-06 16:00:51'),(213,16,153,10,NULL,0,0,NULL,NULL,'2025-02-06 16:00:51','2025-02-06 16:00:51'),(214,16,154,11,NULL,1,0,NULL,NULL,'2025-02-06 16:00:51','2025-02-06 16:00:51'),(215,16,155,12,NULL,1,0,NULL,NULL,'2025-02-06 16:00:51','2025-02-06 16:00:51'),(216,16,156,13,NULL,0,0,NULL,NULL,'2025-02-06 16:00:51','2025-02-06 16:00:51'),(217,16,157,14,NULL,0,0,NULL,NULL,'2025-02-06 16:00:51','2025-02-06 16:00:51'),(218,16,162,15,NULL,0,0,NULL,NULL,'2025-02-06 16:00:51','2025-02-06 16:00:51'),(219,17,144,1,NULL,1,0,NULL,NULL,'2025-02-06 16:32:57','2025-02-06 16:32:57'),(220,17,145,2,NULL,1,0,NULL,NULL,'2025-02-06 16:32:57','2025-02-06 16:50:40'),(221,17,146,4,NULL,1,0,NULL,NULL,'2025-02-06 16:32:57','2025-02-06 16:50:40'),(222,17,149,6,NULL,1,0,NULL,NULL,'2025-02-06 16:32:57','2025-02-06 16:50:40'),(223,17,150,7,NULL,0,0,NULL,NULL,'2025-02-06 16:32:57','2025-02-06 16:50:40'),(224,17,151,8,NULL,1,0,NULL,NULL,'2025-02-06 16:32:57','2025-02-06 16:50:40'),(225,17,154,11,NULL,0,0,NULL,NULL,'2025-02-06 16:32:57','2025-02-06 16:50:40'),(226,17,155,12,NULL,1,0,NULL,NULL,'2025-02-06 16:32:57','2025-02-06 16:50:40'),(227,17,147,3,NULL,1,0,NULL,NULL,'2025-02-06 16:50:41','2025-02-06 16:50:41'),(228,17,148,5,NULL,0,0,NULL,NULL,'2025-02-06 16:50:41','2025-02-06 16:50:41'),(229,17,152,9,NULL,0,0,NULL,NULL,'2025-02-06 16:50:41','2025-02-06 16:50:41'),(230,17,153,10,NULL,0,0,NULL,NULL,'2025-02-06 16:50:41','2025-02-06 16:50:41'),(231,17,156,13,NULL,0,0,NULL,NULL,'2025-02-06 16:50:41','2025-02-06 16:50:41'),(232,17,157,14,NULL,0,0,NULL,NULL,'2025-02-06 16:50:41','2025-02-06 16:50:41'),(233,17,162,15,NULL,0,0,NULL,NULL,'2025-02-06 16:50:41','2025-02-06 16:50:41');
/*!40000 ALTER TABLE `form_elements` ENABLE KEYS */;
UNLOCK TABLES;

--
-- Table structure for table `form_fields`
--

DROP TABLE IF EXISTS `form_fields`;
/*!40101 SET @saved_cs_client     = @@character_set_client */;
/*!50503 SET character_set_client = utf8mb4 */;
CREATE TABLE `form_fields` (
  `id` bigint(20) NOT NULL AUTO_INCREMENT,
  `display` varchar(100) COLLATE utf8mb4_unicode_ci NOT NULL,
  `key` varchar(100) COLLATE utf8mb4_unicode_ci NOT NULL,
  `field_type` varchar(255) COLLATE utf8mb4_unicode_ci NOT NULL,
  `format` varchar(255) COLLATE utf8mb4_unicode_ci DEFAULT NULL,
  `selection_source` varchar(255) COLLATE utf8mb4_unicode_ci DEFAULT NULL,
  `cerner_defined` tinyint(1) NOT NULL,
  `form_assigned` tinyint(1) NOT NULL DEFAULT '0',
  `restriction_json` longtext COLLATE utf8mb4_unicode_ci,
  `options_json` longtext COLLATE utf8mb4_unicode_ci,
  `entry_limit` int(11) DEFAULT NULL,
  `tenant_id` varchar(50) COLLATE utf8mb4_unicode_ci NOT NULL,
  `concept` varchar(50) COLLATE utf8mb4_unicode_ci NOT NULL DEFAULT 'REFERRALS',
  `is_active` tinyint(1) NOT NULL DEFAULT '1',
  `created_at` datetime NOT NULL,
  `updated_at` datetime NOT NULL,
  `auto_update_count` int(11) DEFAULT NULL,
  PRIMARY KEY (`id`),
  KEY `index_form_fields_on_key_tenant_concept_id` (`concept`,`tenant_id`,`key`),
  KEY `index_form_fields_on_concept_tenant_id` (`concept`,`tenant_id`)
) ENGINE=InnoDB AUTO_INCREMENT=165 DEFAULT CHARSET=utf8mb4 COLLATE=utf8mb4_unicode_ci ROW_FORMAT=DYNAMIC;
/*!40101 SET character_set_client = @saved_cs_client */;

--
-- Dumping data for table `form_fields`
--

LOCK TABLES `form_fields` WRITE;
/*!40000 ALTER TABLE `form_fields` DISABLE KEYS */;
INSERT INTO `form_fields` VALUES (20,'Medical Service','MEDICAL_SERVICE','SELECT','SELECT','MEDICAL_SERVICE',1,1,'\"[{\\\"context\\\" : \\\"ALL\\\", \\\"restriction\\\" : \\\"REQUIRED\\\"}, {\\\"context\\\" : \\\"NEW_OUTBOUND\\\", \\\"restriction\\\" : \\\"DISABLED\\\"}]\"',NULL,NULL,'d242a518-4074-4bd4-a3a6-adfe0c5c1c51','REFERRALS',1,'2023-12-12 17:45:56','2023-12-12 17:45:56',NULL),(21,'Referral Type','REFERRAL_TYPE','SELECT','SELECT','REFERRAL_TYPE',1,1,'\"[]\"',NULL,NULL,'d242a518-4074-4bd4-a3a6-adfe0c5c1c51','REFERRALS',1,'2023-12-12 17:45:56','2024-08-22 10:33:38',2),(22,'Referral Reason','REFERRAL_REASON','TEXT',NULL,NULL,1,0,'\"[{\\\"context\\\":\\\"ALL\\\",\\\"restriction\\\":\\\"REQUIRED\\\"}]\"',NULL,195,'d242a518-4074-4bd4-a3a6-adfe0c5c1c51','REFERRALS',1,'2023-12-12 17:45:56','2023-12-12 17:45:56',NULL),(23,'Codified Reason','CODIFIED_REASON','DIAGNOSIS_SEARCH',NULL,NULL,1,0,NULL,NULL,NULL,'d242a518-4074-4bd4-a3a6-adfe0c5c1c51','REFERRALS',1,'2023-12-12 17:45:56','2023-12-12 17:45:56',NULL),(24,'Treatment to Date','TREATMENT_TO_DATE','TEXT',NULL,NULL,1,0,NULL,NULL,195,'d242a518-4074-4bd4-a3a6-adfe0c5c1c51','REFERRALS',1,'2023-12-12 17:45:56','2023-12-12 17:45:56',NULL),(25,'Refer From','REFER_FROM_EXTERNAL','DIRECTORY_SEARCH',NULL,NULL,1,0,'\"[{\\\"context\\\":\\\"NEW_OUTBOUND\\\",\\\"restriction\\\":\\\"HIDDEN\\\"},{\\\"context\\\":\\\"EDIT_OUTBOUND\\\",\\\"restriction\\\":\\\"HIDDEN\\\"},{\\\"context\\\":\\\"EDIT_INBOUND_INTERNAL\\\",\\\"restriction\\\":\\\"HIDDEN\\\"}]\"',NULL,NULL,'d242a518-4074-4bd4-a3a6-adfe0c5c1c51','REFERRALS',1,'2023-12-12 17:45:56','2023-12-12 17:45:56',NULL),(26,'Refer From','REFER_FROM_INTERNAL','ORGANIZATION',NULL,NULL,1,0,'\"[{\\\"context\\\":\\\"NEW_OUTBOUND\\\",\\\"restriction\\\":\\\"HIDDEN\\\"},{\\\"context\\\":\\\"EDIT_OUTBOUND\\\",\\\"restriction\\\":\\\"DISABLED\\\"},{\\\"context\\\":\\\"EDIT_INBOUND_INTERNAL\\\",\\\"restriction\\\":\\\"DISABLED\\\"},{\\\"context\\\":\\\"NEW_INBOUND\\\",\\\"restriction\\\":\\\"HIDDEN\\\"},{\\\"context\\\":\\\"EDIT_INBOUND_EXTERNAL\\\",\\\"restriction\\\":\\\"HIDDEN\\\"}]\"',NULL,NULL,'d242a518-4074-4bd4-a3a6-adfe0c5c1c51','REFERRALS',1,'2023-12-12 17:45:56','2023-12-12 17:45:56',NULL),(27,'Written Date','WRITTEN_DATE','DATE',NULL,NULL,1,0,'\"[{\\\"context\\\":\\\"NEW_INBOUND\\\",\\\"restriction\\\":\\\"REQUIRED\\\"},{\\\"context\\\":\\\"EDIT_INBOUND_EXTERNAL\\\",\\\"restriction\\\":\\\"REQUIRED\\\"},{\\\"context\\\":\\\"NEW_OUTBOUND\\\",\\\"restriction\\\":\\\"HIDDEN\\\"},{\\\"context\\\":\\\"EDIT_OUTBOUND\\\",\\\"restriction\\\":\\\"DISABLED\\\"},{\\\"context\\\":\\\"EDIT_INBOUND_INTERNAL\\\",\\\"restriction\\\":\\\"DISABLED\\\"}]\"',NULL,NULL,'d242a518-4074-4bd4-a3a6-adfe0c5c1c51','REFERRALS',1,'2023-12-12 17:45:56','2023-12-12 17:45:56',NULL),(28,'Requested Start Date','REQUESTED_START_DATE','DATE',NULL,NULL,1,0,'\"[{\\\"context\\\":\\\"ALL\\\",\\\"restriction\\\":\\\"AFTER_FIELD\\\",\\\"relatedField\\\":\\\"WRITTEN_DATE\\\"}]\"',NULL,NULL,'d242a518-4074-4bd4-a3a6-adfe0c5c1c51','REFERRALS',1,'2023-12-12 17:45:56','2023-12-12 17:45:56',NULL),(29,'Service By Date','SERVICE_BY_DATE','DATE',NULL,NULL,1,0,'\"[{\\\"context\\\":\\\"ALL\\\",\\\"restriction\\\":\\\"AFTER_FIELD\\\",\\\"relatedField\\\":\\\"REQUESTED_START_DATE\\\"},{\\\"context\\\":\\\"ALL\\\",\\\"restriction\\\":\\\"AFTER_FIELD\\\",\\\"relatedField\\\":\\\"WRITTEN_DATE\\\"}]\"',NULL,NULL,'d242a518-4074-4bd4-a3a6-adfe0c5c1c51','REFERRALS',1,'2023-12-12 17:45:56','2023-12-12 17:45:56',NULL),(30,'Refer To','REFER_TO','DIRECTORY_SEARCH',NULL,NULL,1,0,'\"[{\\\"context\\\":\\\"NEW_INBOUND\\\",\\\"restriction\\\":\\\"REQUIRED\\\"},{\\\"context\\\":\\\"EDIT_INBOUND_EXTERNAL\\\",\\\"restriction\\\":\\\"REQUIRED\\\"},{\\\"context\\\":\\\"EDIT_INBOUND_INTERNAL\\\",\\\"restriction\\\":\\\"REQUIRED\\\"}]\"',NULL,NULL,'d242a518-4074-4bd4-a3a6-adfe0c5c1c51','REFERRALS',1,'2023-12-12 17:45:56','2023-12-12 17:45:56',NULL),(31,'Priority','PRIORITY','SELECT','SELECT','PRIORITY',1,0,'\"[{\\\"context\\\":\\\"ALL\\\",\\\"restriction\\\":\\\"REQUIRED\\\"}]\"',NULL,NULL,'d242a518-4074-4bd4-a3a6-adfe0c5c1c51','REFERRALS',1,'2023-12-12 17:45:56','2023-12-12 17:45:56',NULL),(32,'Instructions to Staff','INSTRUCTIONS_TO_STAFF','TEXT',NULL,NULL,1,0,NULL,NULL,195,'d242a518-4074-4bd4-a3a6-adfe0c5c1c51','REFERRALS',1,'2023-12-12 17:45:56','2023-12-12 17:45:56',NULL),(33,'Comment','REFERRAL_COMMENT','TEXT',NULL,NULL,1,0,'\"[{\\\"context\\\":\\\"EDIT_OUTBOUND\\\",\\\"restriction\\\":\\\"HIDDEN\\\"},{\\\"context\\\":\\\"EDIT_INBOUND_INTERNAL\\\",\\\"restriction\\\":\\\"HIDDEN\\\"},{\\\"context\\\":\\\"EDIT_INBOUND_EXTERNAL\\\",\\\"restriction\\\":\\\"HIDDEN\\\"},{\\\"context\\\":\\\"PROVIDER_LETTER\\\",\\\"restriction\\\":\\\"HIDDEN\\\"}]\"',NULL,255,'d242a518-4074-4bd4-a3a6-adfe0c5c1c51','REFERRALS',1,'2023-12-12 17:45:56','2023-12-12 17:45:56',NULL),(34,'Healthcare Guarantee Date','HEALTHCARE_GUARANTEE_DATE','DATE',NULL,NULL,1,0,'\"[{\\\"context\\\":\\\"ALL\\\",\\\"restriction\\\":\\\"DISABLED\\\"},{\\\"context\\\":\\\"NEW_INBOUND\\\",\\\"restriction\\\":\\\"HIDDEN\\\"},{\\\"context\\\":\\\"PROVIDER_LETTER\\\",\\\"restriction\\\":\\\"HIDDEN\\\"}]\"',NULL,NULL,'d242a518-4074-4bd4-a3a6-adfe0c5c1c51','REFERRALS',1,'2023-12-12 17:45:56','2024-08-22 13:13:10',2),(35,'Waive Healthcare Guarantee Date','WAVIEHGD','SELECT','RADIO',NULL,1,0,'\"[{\\\"context\\\":\\\"NEW_OUTBOUND\\\",\\\"restriction\\\":\\\"HIDDEN\\\"},{\\\"context\\\":\\\"EDIT_OUTBOUND\\\",\\\"restriction\\\":\\\"HIDDEN\\\"},{\\\"context\\\":\\\"NEW_INBOUND\\\",\\\"restriction\\\":\\\"HIDDEN\\\"},{\\\"context\\\":\\\"PROVIDER_LETTER\\\",\\\"restriction\\\":\\\"HIDDEN\\\"}]\"','\"[{\\\"display\\\":\\\"Yes\\\",\\\"key\\\":\\\"YES\\\",\\\"is_active\\\":true},{\\\"display\\\":\\\"No\\\",\\\"key\\\":\\\"NO\\\",\\\"is_active\\\":true}]\"',NULL,'d242a518-4074-4bd4-a3a6-adfe0c5c1c51','REFERRALS',1,'2023-12-12 17:45:56','2024-08-22 13:13:18',2),(36,'Problem Code','PROBLEM_CODE','SELECT','SELECT','PROBLEM_CODE',1,0,'\"[{\\\"context\\\":\\\"NEW_OUTBOUND\\\",\\\"restriction\\\":\\\"HIDDEN\\\"},{\\\"context\\\":\\\"EDIT_OUTBOUND\\\",\\\"restriction\\\":\\\"HIDDEN\\\"},{\\\"context\\\":\\\"PROVIDER_LETTER\\\",\\\"restriction\\\":\\\"HIDDEN\\\"}]\"',NULL,NULL,'d242a518-4074-4bd4-a3a6-adfe0c5c1c51','REFERRALS',0,'2023-12-12 17:45:56','2023-12-12 17:45:56',NULL),(37,'Wait time','WAIT_TIME','TEXT',NULL,NULL,1,0,'\"[{\\\"context\\\":\\\"NEW_OUTBOUND\\\",\\\"restriction\\\":\\\"HIDDEN\\\"},{\\\"context\\\":\\\"EDIT_OUTBOUND\\\",\\\"restriction\\\":\\\"HIDDEN\\\"},{\\\"context\\\":\\\"ALL\\\",\\\"restriction\\\":\\\"INTEGER\\\"},{\\\"context\\\":\\\"PROVIDER_LETTER\\\",\\\"restriction\\\":\\\"HIDDEN\\\"},{\\\"context\\\":\\\"NEW_INBOUND\\\",\\\"restriction\\\":\\\"HIDDEN\\\"}]\"',NULL,3,'d242a518-4074-4bd4-a3a6-adfe0c5c1c51','REFERRALS',1,'2023-12-12 17:45:56','2024-08-22 13:13:22',1),(38,'Order Comment','ORDER_COMMENT','TEXT',NULL,NULL,1,1,'\"[{\\\"context\\\":\\\"EDIT_OUTBOUND\\\",\\\"restriction\\\":\\\"DISABLED\\\"},{\\\"context\\\":\\\"EDIT_INBOUND_INTERNAL\\\",\\\"restriction\\\":\\\"DISABLED\\\"},{\\\"context\\\":\\\"EDIT_INBOUND_EXTERNAL\\\",\\\"restriction\\\":\\\"HIDDEN\\\"},{\\\"context\\\":\\\"NEW_INBOUND\\\",\\\"restriction\\\":\\\"HIDDEN\\\"},{\\\"context\\\":\\\"NEW_OUTBOUND\\\",\\\"restriction\\\":\\\"HIDDEN\\\"},{\\\"context\\\":\\\"PROVIDER_LETTER\\\",\\\"restriction\\\":\\\"HIDDEN\\\"}]\"',NULL,32000,'d242a518-4074-4bd4-a3a6-adfe0c5c1c51','REFERRALS',1,'2023-12-12 17:45:56','2025-01-23 12:19:00',1),(39,'Interfacility Consult Location','OHAI_IFC','SELECT','SELECT','OHAI_IFC',1,0,'\"[{\\\"context\\\":\\\"PROVIDER_LETTER\\\",\\\"restriction\\\":\\\"HIDDEN\\\"}]\"',NULL,NULL,'d242a518-4074-4bd4-a3a6-adfe0c5c1c51','REFERRALS',1,'2023-12-14 12:32:59','2023-12-14 12:33:23',1),(40,'Standard Episodes of Care','OHAI_SEOC','SELECT','SELECT','OHAI_SEOC',1,0,'\"[{\\\"context\\\":\\\"PROVIDER_LETTER\\\",\\\"restriction\\\":\\\"HIDDEN\\\"}]\"',NULL,NULL,'d242a518-4074-4bd4-a3a6-adfe0c5c1c51','REFERRALS',1,'2023-12-14 12:32:59','2023-12-14 12:33:33',1),(41,'Interfacility Consult Location','OHAI_IFC','SELECT','SELECT','OHAI_IFC',1,0,'\"[{\\\"context\\\": \\\"PROVIDER_LETTER\\\", \\\"restriction\\\": \\\"HIDDEN\\\"}]\"',NULL,NULL,'nya9mWd9vqI_z1LcF5uLfCwewAGCVrY1','REFERRALS',0,'2024-06-07 12:49:11','2024-06-07 12:49:11',1),(42,'Standard Episodes of Care','OHAI_SEOC','SELECT','SELECT','OHAI_SEOC',1,0,'\"[{\\\"context\\\": \\\"PROVIDER_LETTER\\\", \\\"restriction\\\": \\\"HIDDEN\\\"}]\"',NULL,NULL,'nya9mWd9vqI_z1LcF5uLfCwewAGCVrY1','REFERRALS',0,'2024-06-07 12:49:11','2024-06-07 12:49:11',1),(43,'Medical Service','MEDICAL_SERVICE','SELECT','SELECT','MEDICAL_SERVICE',1,1,'\"[{\\\"context\\\" : \\\"ALL\\\", \\\"restriction\\\" : \\\"REQUIRED\\\"}, {\\\"context\\\" : \\\"NEW_OUTBOUND\\\", \\\"restriction\\\" : \\\"DISABLED\\\"}]\"',NULL,NULL,'nya9mWd9vqI_z1LcF5uLfCwewAGCVrY1','REFERRALS',1,'2024-06-07 12:52:49','2024-06-07 12:52:49',NULL),(44,'Referral Type','REFERRAL_TYPE','SELECT','SELECT','REFERRAL_TYPE',1,1,'\"[]\"',NULL,NULL,'nya9mWd9vqI_z1LcF5uLfCwewAGCVrY1','REFERRALS',1,'2024-06-07 12:52:49','2024-09-27 16:31:00',2),(45,'Referral Reason','REFERRAL_REASON','TEXT',NULL,NULL,1,0,'\"[{\\\"context\\\":\\\"ALL\\\",\\\"restriction\\\":\\\"REQUIRED\\\"}]\"',NULL,195,'nya9mWd9vqI_z1LcF5uLfCwewAGCVrY1','REFERRALS',1,'2024-06-07 12:52:49','2024-06-07 12:52:49',NULL),(46,'Codified Reason','CODIFIED_REASON','DIAGNOSIS_SEARCH',NULL,NULL,1,0,NULL,NULL,NULL,'nya9mWd9vqI_z1LcF5uLfCwewAGCVrY1','REFERRALS',1,'2024-06-07 12:52:49','2024-06-07 12:52:49',NULL),(47,'Treatment to Date','TREATMENT_TO_DATE','TEXT',NULL,NULL,1,0,NULL,NULL,195,'nya9mWd9vqI_z1LcF5uLfCwewAGCVrY1','REFERRALS',1,'2024-06-07 12:52:49','2024-06-07 12:52:49',NULL),(48,'Refer From','REFER_FROM_EXTERNAL','DIRECTORY_SEARCH',NULL,NULL,1,0,'\"[{\\\"context\\\":\\\"NEW_OUTBOUND\\\",\\\"restriction\\\":\\\"HIDDEN\\\"},{\\\"context\\\":\\\"EDIT_OUTBOUND\\\",\\\"restriction\\\":\\\"HIDDEN\\\"},{\\\"context\\\":\\\"EDIT_INBOUND_INTERNAL\\\",\\\"restriction\\\":\\\"HIDDEN\\\"}]\"',NULL,NULL,'nya9mWd9vqI_z1LcF5uLfCwewAGCVrY1','REFERRALS',1,'2024-06-07 12:52:49','2024-06-07 12:52:49',NULL),(49,'Refer From','REFER_FROM_INTERNAL','ORGANIZATION',NULL,NULL,1,0,'\"[{\\\"context\\\":\\\"NEW_OUTBOUND\\\",\\\"restriction\\\":\\\"HIDDEN\\\"},{\\\"context\\\":\\\"EDIT_OUTBOUND\\\",\\\"restriction\\\":\\\"DISABLED\\\"},{\\\"context\\\":\\\"EDIT_INBOUND_INTERNAL\\\",\\\"restriction\\\":\\\"DISABLED\\\"},{\\\"context\\\":\\\"NEW_INBOUND\\\",\\\"restriction\\\":\\\"HIDDEN\\\"},{\\\"context\\\":\\\"EDIT_INBOUND_EXTERNAL\\\",\\\"restriction\\\":\\\"HIDDEN\\\"}]\"',NULL,NULL,'nya9mWd9vqI_z1LcF5uLfCwewAGCVrY1','REFERRALS',1,'2024-06-07 12:52:49','2024-06-07 12:52:49',NULL),(50,'Written Date','WRITTEN_DATE','DATE',NULL,NULL,1,0,'\"[{\\\"context\\\":\\\"NEW_INBOUND\\\",\\\"restriction\\\":\\\"REQUIRED\\\"},{\\\"context\\\":\\\"EDIT_INBOUND_EXTERNAL\\\",\\\"restriction\\\":\\\"REQUIRED\\\"},{\\\"context\\\":\\\"NEW_OUTBOUND\\\",\\\"restriction\\\":\\\"HIDDEN\\\"},{\\\"context\\\":\\\"EDIT_OUTBOUND\\\",\\\"restriction\\\":\\\"DISABLED\\\"},{\\\"context\\\":\\\"EDIT_INBOUND_INTERNAL\\\",\\\"restriction\\\":\\\"DISABLED\\\"}]\"',NULL,NULL,'nya9mWd9vqI_z1LcF5uLfCwewAGCVrY1','REFERRALS',1,'2024-06-07 12:52:49','2024-06-07 12:52:49',NULL),(51,'Requested Start Date','REQUESTED_START_DATE','DATE',NULL,NULL,1,0,'\"[{\\\"context\\\":\\\"ALL\\\",\\\"restriction\\\":\\\"AFTER_FIELD\\\",\\\"relatedField\\\":\\\"WRITTEN_DATE\\\"}]\"',NULL,NULL,'nya9mWd9vqI_z1LcF5uLfCwewAGCVrY1','REFERRALS',1,'2024-06-07 12:52:49','2024-06-07 12:52:49',NULL),(52,'Service By Date','SERVICE_BY_DATE','DATE',NULL,NULL,1,0,'\"[{\\\"context\\\":\\\"ALL\\\",\\\"restriction\\\":\\\"AFTER_FIELD\\\",\\\"relatedField\\\":\\\"REQUESTED_START_DATE\\\"},{\\\"context\\\":\\\"ALL\\\",\\\"restriction\\\":\\\"AFTER_FIELD\\\",\\\"relatedField\\\":\\\"WRITTEN_DATE\\\"}]\"',NULL,NULL,'nya9mWd9vqI_z1LcF5uLfCwewAGCVrY1','REFERRALS',1,'2024-06-07 12:52:49','2024-06-07 12:52:49',NULL),(53,'Refer To','REFER_TO','DIRECTORY_SEARCH',NULL,NULL,1,0,'\"[{\\\"context\\\":\\\"NEW_INBOUND\\\",\\\"restriction\\\":\\\"REQUIRED\\\"},{\\\"context\\\":\\\"EDIT_INBOUND_EXTERNAL\\\",\\\"restriction\\\":\\\"REQUIRED\\\"},{\\\"context\\\":\\\"EDIT_INBOUND_INTERNAL\\\",\\\"restriction\\\":\\\"REQUIRED\\\"}]\"',NULL,NULL,'nya9mWd9vqI_z1LcF5uLfCwewAGCVrY1','REFERRALS',1,'2024-06-07 12:52:49','2024-06-07 12:52:49',NULL),(54,'Priority','PRIORITY','SELECT','SELECT','PRIORITY',1,0,'\"[{\\\"context\\\":\\\"ALL\\\",\\\"restriction\\\":\\\"REQUIRED\\\"}]\"',NULL,NULL,'nya9mWd9vqI_z1LcF5uLfCwewAGCVrY1','REFERRALS',1,'2024-06-07 12:52:49','2024-06-07 12:52:49',NULL),(55,'Instructions to Staff','INSTRUCTIONS_TO_STAFF','TEXT',NULL,NULL,1,0,NULL,NULL,195,'nya9mWd9vqI_z1LcF5uLfCwewAGCVrY1','REFERRALS',1,'2024-06-07 12:52:49','2024-06-07 12:52:49',NULL),(56,'Comment','REFERRAL_COMMENT','TEXT',NULL,NULL,1,0,'\"[{\\\"context\\\":\\\"EDIT_OUTBOUND\\\",\\\"restriction\\\":\\\"HIDDEN\\\"},{\\\"context\\\":\\\"EDIT_INBOUND_INTERNAL\\\",\\\"restriction\\\":\\\"HIDDEN\\\"},{\\\"context\\\":\\\"EDIT_INBOUND_EXTERNAL\\\",\\\"restriction\\\":\\\"HIDDEN\\\"},{\\\"context\\\":\\\"PROVIDER_LETTER\\\",\\\"restriction\\\":\\\"HIDDEN\\\"}]\"',NULL,255,'nya9mWd9vqI_z1LcF5uLfCwewAGCVrY1','REFERRALS',1,'2024-06-07 12:52:49','2024-06-07 12:52:49',NULL),(57,'Healthcare Guarantee Date','HEALTHCARE_GUARANTEE_DATE','DATE',NULL,NULL,1,0,'\"[{\\\"context\\\":\\\"ALL\\\",\\\"restriction\\\":\\\"DISABLED\\\"},{\\\"context\\\":\\\"PROVIDER_LETTER\\\",\\\"restriction\\\":\\\"HIDDEN\\\"},{\\\"context\\\":\\\"NEW_INBOUND\\\",\\\"restriction\\\":\\\"HIDDEN\\\"}]\"',NULL,NULL,'nya9mWd9vqI_z1LcF5uLfCwewAGCVrY1','REFERRALS',0,'2024-06-07 12:52:49','2024-09-27 16:31:00',2),(58,'Waive Healthcare Guarantee Date','WAVIEHGD','SELECT','RADIO',NULL,1,0,'\"[{\\\"context\\\":\\\"NEW_OUTBOUND\\\",\\\"restriction\\\":\\\"HIDDEN\\\"},{\\\"context\\\":\\\"EDIT_OUTBOUND\\\",\\\"restriction\\\":\\\"HIDDEN\\\"},{\\\"context\\\":\\\"PROVIDER_LETTER\\\",\\\"restriction\\\":\\\"HIDDEN\\\"},{\\\"context\\\":\\\"NEW_INBOUND\\\",\\\"restriction\\\":\\\"HIDDEN\\\"}]\"','\"[{\\\"display\\\":\\\"Yes\\\",\\\"key\\\":\\\"YES\\\",\\\"is_active\\\":true},{\\\"display\\\":\\\"No\\\",\\\"key\\\":\\\"NO\\\",\\\"is_active\\\":true}]\"',NULL,'nya9mWd9vqI_z1LcF5uLfCwewAGCVrY1','REFERRALS',0,'2024-06-07 12:52:49','2024-09-27 16:31:00',2),(59,'Problem Code','PROBLEM_CODE','SELECT','SELECT','PROBLEM_CODE',1,0,'\"[{\\\"context\\\":\\\"NEW_OUTBOUND\\\",\\\"restriction\\\":\\\"HIDDEN\\\"},{\\\"context\\\":\\\"EDIT_OUTBOUND\\\",\\\"restriction\\\":\\\"HIDDEN\\\"},{\\\"context\\\":\\\"PROVIDER_LETTER\\\",\\\"restriction\\\":\\\"HIDDEN\\\"}]\"',NULL,NULL,'nya9mWd9vqI_z1LcF5uLfCwewAGCVrY1','REFERRALS',0,'2024-06-07 12:52:49','2024-06-07 12:52:49',NULL),(60,'Wait time','WAIT_TIME','TEXT',NULL,NULL,1,0,'\"[{\\\"context\\\":\\\"NEW_OUTBOUND\\\",\\\"restriction\\\":\\\"HIDDEN\\\"},{\\\"context\\\":\\\"EDIT_OUTBOUND\\\",\\\"restriction\\\":\\\"HIDDEN\\\"},{\\\"context\\\":\\\"ALL\\\",\\\"restriction\\\":\\\"INTEGER\\\"},{\\\"context\\\":\\\"PROVIDER_LETTER\\\",\\\"restriction\\\":\\\"HIDDEN\\\"},{\\\"context\\\":\\\"NEW_INBOUND\\\",\\\"restriction\\\":\\\"HIDDEN\\\"}]\"',NULL,3,'nya9mWd9vqI_z1LcF5uLfCwewAGCVrY1','REFERRALS',0,'2024-06-07 12:52:49','2024-09-27 16:31:00',1),(61,'Order Comment','ORDER_COMMENT','TEXT',NULL,NULL,1,1,'\"[{\\\"context\\\":\\\"EDIT_OUTBOUND\\\",\\\"restriction\\\":\\\"DISABLED\\\"},{\\\"context\\\":\\\"EDIT_INBOUND_INTERNAL\\\",\\\"restriction\\\":\\\"DISABLED\\\"},{\\\"context\\\":\\\"EDIT_INBOUND_EXTERNAL\\\",\\\"restriction\\\":\\\"HIDDEN\\\"},{\\\"context\\\":\\\"NEW_INBOUND\\\",\\\"restriction\\\":\\\"HIDDEN\\\"},{\\\"context\\\":\\\"NEW_OUTBOUND\\\",\\\"restriction\\\":\\\"HIDDEN\\\"},{\\\"context\\\":\\\"PROVIDER_LETTER\\\",\\\"restriction\\\":\\\"HIDDEN\\\"}]\"',NULL,32000,'nya9mWd9vqI_z1LcF5uLfCwewAGCVrY1','REFERRALS',1,'2024-06-07 12:52:49','2025-01-29 21:54:12',1),(62,'Does the patient have immunodeficiency?','IMMUNODEFICIENCY','SELECT','SELECT',NULL,0,0,'\"[]\"','\"[{\\\"display\\\":\\\"No\\\",\\\"key\\\":\\\"NO\\\",\\\"is_active\\\":true},{\\\"display\\\":\\\"Yes\\\",\\\"key\\\":\\\"YES\\\",\\\"is_active\\\":true}]\"',0,'nya9mWd9vqI_z1LcF5uLfCwewAGCVrY1','REFERRALS',1,'2024-06-07 12:54:40','2024-06-20 16:33:34',NULL),(63,'How many infections has the patient had over a year? ','NUMBER_INFECTIONS','TEXT',NULL,NULL,0,0,'\"[{\\\"context\\\":\\\"ALL\\\",\\\"restriction\\\":\\\"INTEGER\\\"}]\"','\"[]\"',195,'nya9mWd9vqI_z1LcF5uLfCwewAGCVrY1','REFERRALS',1,'2024-06-07 12:55:47','2024-06-07 12:55:47',NULL),(64,'What type of infections?','INFECTION_TYPE','TEXT',NULL,NULL,0,0,'\"[]\"','\"[]\"',195,'nya9mWd9vqI_z1LcF5uLfCwewAGCVrY1','REFERRALS',1,'2024-06-07 12:56:31','2024-06-07 12:56:31',NULL),(65,'Has Allergy Testing been completed?','ALLERGY_TESTING','SELECT','SELECT',NULL,0,0,'\"[]\"','\"[{\\\"display\\\":\\\"Yes\\\",\\\"key\\\":\\\"YES\\\",\\\"is_active\\\":true},{\\\"display\\\":\\\"No\\\",\\\"key\\\":\\\"NO\\\",\\\"is_active\\\":true}]\"',0,'nya9mWd9vqI_z1LcF5uLfCwewAGCVrY1','REFERRALS',1,'2024-06-07 12:57:30','2024-06-07 12:57:30',NULL),(66,'Location of Allergy Testing completed (Prior): ','ALLERGY_TESTING_LOCATION','TEXT',NULL,NULL,0,0,'\"[]\"','\"[]\"',195,'nya9mWd9vqI_z1LcF5uLfCwewAGCVrY1','REFERRALS',1,'2024-06-07 12:58:41','2024-06-07 12:58:41',NULL),(67,'Date of Allergy Testing:','ALLERGY_TESTING_DATE','DATE',NULL,NULL,0,0,'\"[]\"','\"[]\"',0,'nya9mWd9vqI_z1LcF5uLfCwewAGCVrY1','REFERRALS',1,'2024-06-07 12:59:19','2024-06-07 12:59:19',NULL),(68,'Results of Testing:','ALLERGY_TESTING_RESULTS','TEXT',NULL,NULL,0,0,'\"[]\"','\"[]\"',195,'nya9mWd9vqI_z1LcF5uLfCwewAGCVrY1','REFERRALS',1,'2024-06-07 13:00:03','2024-06-07 13:00:03',NULL),(69,'Has the patient seen a dermatologist?','PT_SEEN_DERMATOLOGY','SELECT','SELECT',NULL,0,0,'\"[]\"','\"[{\\\"display\\\":\\\"Yes\\\",\\\"key\\\":\\\"YES\\\",\\\"is_active\\\":true},{\\\"display\\\":\\\"No\\\",\\\"key\\\":\\\"NO\\\",\\\"is_active\\\":true}]\"',0,'nya9mWd9vqI_z1LcF5uLfCwewAGCVrY1','REFERRALS',1,'2024-06-07 13:01:04','2024-06-07 13:01:04',NULL),(70,'If Yes - Where: (Organization/Location)','DERMATOLOGY_LOCATION','TEXT',NULL,NULL,0,0,'\"[]\"','\"[]\"',195,'nya9mWd9vqI_z1LcF5uLfCwewAGCVrY1','REFERRALS',1,'2024-06-07 13:02:10','2024-06-07 13:02:10',NULL),(71,'If Yes - Who: (Physician)','DERMATOLOGY_PHYSICIAN_SEEN','TEXT',NULL,NULL,0,0,'\"[]\"','\"[]\"',195,'nya9mWd9vqI_z1LcF5uLfCwewAGCVrY1','REFERRALS',1,'2024-06-07 13:02:58','2024-06-07 13:02:58',NULL),(72,'If Yes - When: (Date)','DERMATOLOGY_DATE_SEEN','DATE',NULL,NULL,0,0,'\"[]\"','\"[]\"',0,'nya9mWd9vqI_z1LcF5uLfCwewAGCVrY1','REFERRALS',1,'2024-06-07 13:03:36','2024-06-07 13:03:36',NULL),(73,'What is your clinical question for the specialist?','ECONSULT_CLINICAL_QUESTION','TEXT',NULL,NULL,0,0,'\"[]\"','\"[]\"',195,'nya9mWd9vqI_z1LcF5uLfCwewAGCVrY1','REFERRALS',1,'2024-06-07 13:08:25','2024-06-07 13:08:25',NULL),(74,'Have investigations/clinical treatments been completed to date?','ECONSULT_RELEVANT_TREATMENTS','SELECT','SELECT',NULL,0,0,'\"[]\"','\"[{\\\"display\\\":\\\"Yes\\\",\\\"key\\\":\\\"YES\\\",\\\"is_active\\\":true},{\\\"display\\\":\\\"No\\\",\\\"key\\\":\\\"NO\\\",\\\"is_active\\\":true}]\"',0,'nya9mWd9vqI_z1LcF5uLfCwewAGCVrY1','REFERRALS',0,'2024-06-07 13:09:43','2024-06-07 13:10:32',NULL),(75,'Have investigations / clinical treatments been completed to date?','ECONSULT_RELEVANT_TREATMENT','TEXT',NULL,NULL,0,0,'\"[]\"','\"[]\"',195,'nya9mWd9vqI_z1LcF5uLfCwewAGCVrY1','REFERRALS',1,'2024-06-07 13:12:09','2024-06-07 13:12:09',NULL),(76,'Important Patient Background:','ECONSULT_MEDICAL_HISTORY','TEXT',NULL,NULL,0,0,'\"[]\"','\"[]\"',195,'nya9mWd9vqI_z1LcF5uLfCwewAGCVrY1','REFERRALS',1,'2024-06-07 13:12:55','2024-06-07 13:12:55',NULL),(79,'Medical Service','MEDICAL_SERVICE','SELECT','SELECT','MEDICAL_SERVICE',1,1,'\"[{\\\"context\\\" : \\\"ALL\\\", \\\"restriction\\\" : \\\"REQUIRED\\\"}, {\\\"context\\\" : \\\"NEW_OUTBOUND\\\", \\\"restriction\\\" : \\\"DISABLED\\\"}]\"',NULL,NULL,'Vo3nb7XNL_9G2kQXBPPW3-r0QcpkrCy7','REFERRALS',1,'2024-09-23 17:48:11','2024-09-23 17:48:11',NULL),(80,'Referral Type','REFERRAL_TYPE','SELECT','SELECT','REFERRAL_TYPE',1,1,'\"[]\"',NULL,NULL,'Vo3nb7XNL_9G2kQXBPPW3-r0QcpkrCy7','REFERRALS',1,'2024-09-23 17:48:11','2024-09-23 17:48:12',2),(81,'Referral Reason','REFERRAL_REASON','TEXT',NULL,NULL,1,0,'\"[{\\\"context\\\":\\\"ALL\\\",\\\"restriction\\\":\\\"REQUIRED\\\"}]\"',NULL,195,'Vo3nb7XNL_9G2kQXBPPW3-r0QcpkrCy7','REFERRALS',1,'2024-09-23 17:48:11','2024-09-23 17:48:11',NULL),(82,'Codified Reason','CODIFIED_REASON','DIAGNOSIS_SEARCH',NULL,NULL,1,0,NULL,NULL,NULL,'Vo3nb7XNL_9G2kQXBPPW3-r0QcpkrCy7','REFERRALS',1,'2024-09-23 17:48:11','2024-09-23 17:48:11',NULL),(83,'Treatment to Date','TREATMENT_TO_DATE','TEXT',NULL,NULL,1,0,NULL,NULL,195,'Vo3nb7XNL_9G2kQXBPPW3-r0QcpkrCy7','REFERRALS',1,'2024-09-23 17:48:11','2024-09-23 17:48:11',NULL),(84,'Refer From','REFER_FROM_EXTERNAL','DIRECTORY_SEARCH',NULL,NULL,1,0,'\"[{\\\"context\\\":\\\"NEW_OUTBOUND\\\",\\\"restriction\\\":\\\"HIDDEN\\\"},{\\\"context\\\":\\\"EDIT_OUTBOUND\\\",\\\"restriction\\\":\\\"HIDDEN\\\"},{\\\"context\\\":\\\"EDIT_INBOUND_INTERNAL\\\",\\\"restriction\\\":\\\"HIDDEN\\\"}]\"',NULL,NULL,'Vo3nb7XNL_9G2kQXBPPW3-r0QcpkrCy7','REFERRALS',1,'2024-09-23 17:48:11','2024-09-23 17:48:11',NULL),(85,'Refer From','REFER_FROM_INTERNAL','ORGANIZATION',NULL,NULL,1,0,'\"[{\\\"context\\\":\\\"NEW_OUTBOUND\\\",\\\"restriction\\\":\\\"HIDDEN\\\"},{\\\"context\\\":\\\"EDIT_OUTBOUND\\\",\\\"restriction\\\":\\\"DISABLED\\\"},{\\\"context\\\":\\\"EDIT_INBOUND_INTERNAL\\\",\\\"restriction\\\":\\\"DISABLED\\\"},{\\\"context\\\":\\\"NEW_INBOUND\\\",\\\"restriction\\\":\\\"HIDDEN\\\"},{\\\"context\\\":\\\"EDIT_INBOUND_EXTERNAL\\\",\\\"restriction\\\":\\\"HIDDEN\\\"}]\"',NULL,NULL,'Vo3nb7XNL_9G2kQXBPPW3-r0QcpkrCy7','REFERRALS',1,'2024-09-23 17:48:11','2024-09-23 17:48:11',NULL),(86,'Written Date','WRITTEN_DATE','DATE',NULL,NULL,1,0,'\"[{\\\"context\\\":\\\"NEW_INBOUND\\\",\\\"restriction\\\":\\\"REQUIRED\\\"},{\\\"context\\\":\\\"EDIT_INBOUND_EXTERNAL\\\",\\\"restriction\\\":\\\"REQUIRED\\\"},{\\\"context\\\":\\\"NEW_OUTBOUND\\\",\\\"restriction\\\":\\\"HIDDEN\\\"},{\\\"context\\\":\\\"EDIT_OUTBOUND\\\",\\\"restriction\\\":\\\"DISABLED\\\"},{\\\"context\\\":\\\"EDIT_INBOUND_INTERNAL\\\",\\\"restriction\\\":\\\"DISABLED\\\"}]\"',NULL,NULL,'Vo3nb7XNL_9G2kQXBPPW3-r0QcpkrCy7','REFERRALS',1,'2024-09-23 17:48:11','2024-09-23 17:48:11',NULL),(87,'Requested Start Date','REQUESTED_START_DATE','DATE',NULL,NULL,1,0,'\"[{\\\"context\\\":\\\"ALL\\\",\\\"restriction\\\":\\\"AFTER_FIELD\\\",\\\"relatedField\\\":\\\"WRITTEN_DATE\\\"}]\"',NULL,NULL,'Vo3nb7XNL_9G2kQXBPPW3-r0QcpkrCy7','REFERRALS',1,'2024-09-23 17:48:11','2024-09-23 17:48:11',NULL),(88,'Service By Date','SERVICE_BY_DATE','DATE',NULL,NULL,1,0,'\"[{\\\"context\\\":\\\"ALL\\\",\\\"restriction\\\":\\\"AFTER_FIELD\\\",\\\"relatedField\\\":\\\"REQUESTED_START_DATE\\\"},{\\\"context\\\":\\\"ALL\\\",\\\"restriction\\\":\\\"AFTER_FIELD\\\",\\\"relatedField\\\":\\\"WRITTEN_DATE\\\"}]\"',NULL,NULL,'Vo3nb7XNL_9G2kQXBPPW3-r0QcpkrCy7','REFERRALS',1,'2024-09-23 17:48:11','2024-09-23 17:48:11',NULL),(89,'Refer To','REFER_TO','DIRECTORY_SEARCH',NULL,NULL,1,0,'\"[{\\\"context\\\":\\\"NEW_INBOUND\\\",\\\"restriction\\\":\\\"REQUIRED\\\"},{\\\"context\\\":\\\"EDIT_INBOUND_EXTERNAL\\\",\\\"restriction\\\":\\\"REQUIRED\\\"},{\\\"context\\\":\\\"EDIT_INBOUND_INTERNAL\\\",\\\"restriction\\\":\\\"REQUIRED\\\"}]\"',NULL,NULL,'Vo3nb7XNL_9G2kQXBPPW3-r0QcpkrCy7','REFERRALS',1,'2024-09-23 17:48:11','2024-09-23 17:48:11',NULL),(90,'Priority','PRIORITY','SELECT','SELECT','PRIORITY',1,0,'\"[{\\\"context\\\":\\\"ALL\\\",\\\"restriction\\\":\\\"REQUIRED\\\"}]\"',NULL,NULL,'Vo3nb7XNL_9G2kQXBPPW3-r0QcpkrCy7','REFERRALS',1,'2024-09-23 17:48:11','2024-09-23 17:48:11',NULL),(91,'Instructions to Staff','INSTRUCTIONS_TO_STAFF','TEXT',NULL,NULL,1,0,NULL,NULL,195,'Vo3nb7XNL_9G2kQXBPPW3-r0QcpkrCy7','REFERRALS',1,'2024-09-23 17:48:11','2024-09-23 17:48:11',NULL),(92,'Comment','REFERRAL_COMMENT','TEXT',NULL,NULL,1,0,'\"[{\\\"context\\\":\\\"EDIT_OUTBOUND\\\",\\\"restriction\\\":\\\"HIDDEN\\\"},{\\\"context\\\":\\\"EDIT_INBOUND_INTERNAL\\\",\\\"restriction\\\":\\\"HIDDEN\\\"},{\\\"context\\\":\\\"EDIT_INBOUND_EXTERNAL\\\",\\\"restriction\\\":\\\"HIDDEN\\\"},{\\\"context\\\":\\\"PROVIDER_LETTER\\\",\\\"restriction\\\":\\\"HIDDEN\\\"}]\"',NULL,255,'Vo3nb7XNL_9G2kQXBPPW3-r0QcpkrCy7','REFERRALS',1,'2024-09-23 17:48:11','2024-09-23 17:48:11',NULL),(93,'Healthcare Guarantee Date','HEALTHCARE_GUARANTEE_DATE','DATE',NULL,NULL,1,0,'\"[{\\\"context\\\":\\\"ALL\\\",\\\"restriction\\\":\\\"DISABLED\\\"},{\\\"context\\\":\\\"PROVIDER_LETTER\\\",\\\"restriction\\\":\\\"HIDDEN\\\"},{\\\"context\\\":\\\"NEW_INBOUND\\\",\\\"restriction\\\":\\\"HIDDEN\\\"}]\"',NULL,NULL,'Vo3nb7XNL_9G2kQXBPPW3-r0QcpkrCy7','REFERRALS',0,'2024-09-23 17:48:11','2024-09-23 17:48:12',2),(94,'Waive Healthcare Guarantee Date','WAVIEHGD','SELECT','RADIO',NULL,1,0,'\"[{\\\"context\\\":\\\"NEW_OUTBOUND\\\",\\\"restriction\\\":\\\"HIDDEN\\\"},{\\\"context\\\":\\\"EDIT_OUTBOUND\\\",\\\"restriction\\\":\\\"HIDDEN\\\"},{\\\"context\\\":\\\"PROVIDER_LETTER\\\",\\\"restriction\\\":\\\"HIDDEN\\\"},{\\\"context\\\":\\\"NEW_INBOUND\\\",\\\"restriction\\\":\\\"HIDDEN\\\"}]\"','\"[{\\\"display\\\":\\\"Yes\\\",\\\"key\\\":\\\"YES\\\",\\\"is_active\\\":true},{\\\"display\\\":\\\"No\\\",\\\"key\\\":\\\"NO\\\",\\\"is_active\\\":true}]\"',NULL,'Vo3nb7XNL_9G2kQXBPPW3-r0QcpkrCy7','REFERRALS',0,'2024-09-23 17:48:11','2024-09-23 17:48:12',2),(95,'Problem Code','PROBLEM_CODE','SELECT','SELECT','PROBLEM_CODE',1,0,'\"[{\\\"context\\\":\\\"NEW_OUTBOUND\\\",\\\"restriction\\\":\\\"HIDDEN\\\"},{\\\"context\\\":\\\"EDIT_OUTBOUND\\\",\\\"restriction\\\":\\\"HIDDEN\\\"},{\\\"context\\\":\\\"PROVIDER_LETTER\\\",\\\"restriction\\\":\\\"HIDDEN\\\"}]\"',NULL,NULL,'Vo3nb7XNL_9G2kQXBPPW3-r0QcpkrCy7','REFERRALS',0,'2024-09-23 17:48:11','2024-09-23 17:48:11',NULL),(96,'Wait time','WAIT_TIME','TEXT',NULL,NULL,1,0,'\"[{\\\"context\\\":\\\"NEW_OUTBOUND\\\",\\\"restriction\\\":\\\"HIDDEN\\\"},{\\\"context\\\":\\\"EDIT_OUTBOUND\\\",\\\"restriction\\\":\\\"HIDDEN\\\"},{\\\"context\\\":\\\"ALL\\\",\\\"restriction\\\":\\\"INTEGER\\\"},{\\\"context\\\":\\\"PROVIDER_LETTER\\\",\\\"restriction\\\":\\\"HIDDEN\\\"},{\\\"context\\\":\\\"NEW_INBOUND\\\",\\\"restriction\\\":\\\"HIDDEN\\\"}]\"',NULL,3,'Vo3nb7XNL_9G2kQXBPPW3-r0QcpkrCy7','REFERRALS',0,'2024-09-23 17:48:11','2024-09-23 17:48:12',1),(97,'Order Comment','ORDER_COMMENT','TEXT',NULL,NULL,1,1,'\"[{\\\"context\\\":\\\"EDIT_OUTBOUND\\\",\\\"restriction\\\":\\\"DISABLED\\\"},{\\\"context\\\":\\\"EDIT_INBOUND_INTERNAL\\\",\\\"restriction\\\":\\\"DISABLED\\\"},{\\\"context\\\":\\\"EDIT_INBOUND_EXTERNAL\\\",\\\"restriction\\\":\\\"HIDDEN\\\"},{\\\"context\\\":\\\"NEW_INBOUND\\\",\\\"restriction\\\":\\\"HIDDEN\\\"},{\\\"context\\\":\\\"NEW_OUTBOUND\\\",\\\"restriction\\\":\\\"HIDDEN\\\"},{\\\"context\\\":\\\"PROVIDER_LETTER\\\",\\\"restriction\\\":\\\"HIDDEN\\\"}]\"',NULL,255,'Vo3nb7XNL_9G2kQXBPPW3-r0QcpkrCy7','REFERRALS',1,'2024-09-23 17:48:11','2024-09-23 17:48:11',NULL),(98,'Interfacility Consult Location','OHAI_IFC','SELECT','SELECT','OHAI_IFC',1,0,'\"[{\\\"context\\\": \\\"PROVIDER_LETTER\\\", \\\"restriction\\\": \\\"HIDDEN\\\"}]\"',NULL,NULL,'Vo3nb7XNL_9G2kQXBPPW3-r0QcpkrCy7','REFERRALS',0,'2024-09-23 17:48:12','2024-09-23 17:48:12',1),(99,'Standard Episodes of Care','OHAI_SEOC','SELECT','SELECT','OHAI_SEOC',1,0,'\"[{\\\"context\\\": \\\"PROVIDER_LETTER\\\", \\\"restriction\\\": \\\"HIDDEN\\\"}]\"',NULL,NULL,'Vo3nb7XNL_9G2kQXBPPW3-r0QcpkrCy7','REFERRALS',0,'2024-09-23 17:48:12','2024-09-23 17:48:12',1),(104,'What is the best method to contact you with questions regarding this patient?','CONTACT_METHOD','TEXT',NULL,NULL,0,0,'\"[]\"','\"[]\"',195,'Vo3nb7XNL_9G2kQXBPPW3-r0QcpkrCy7','REFERRALS',1,'2024-12-20 21:33:04','2024-12-20 21:33:04',NULL),(107,'Medical Service','MEDICAL_SERVICE','SELECT','SELECT','MEDICAL_SERVICE',1,1,'\"[{\\\"context\\\" : \\\"ALL\\\", \\\"restriction\\\" : \\\"REQUIRED\\\"}, {\\\"context\\\" : \\\"NEW_OUTBOUND\\\", \\\"restriction\\\" : \\\"DISABLED\\\"}]\"',NULL,NULL,'ca4a8f02-2e38-4ac0-8046-6fe12e338508','REFERRALS',1,'2025-01-30 18:16:00','2025-01-30 18:16:00',NULL),(108,'Referral Type','REFERRAL_TYPE','SELECT','SELECT','REFERRAL_TYPE',1,1,'\"[]\"',NULL,NULL,'ca4a8f02-2e38-4ac0-8046-6fe12e338508','REFERRALS',1,'2025-01-30 18:16:00','2025-01-30 18:16:01',2),(109,'Referral Reason','REFERRAL_REASON','TEXT',NULL,NULL,1,0,'\"[{\\\"context\\\":\\\"ALL\\\",\\\"restriction\\\":\\\"REQUIRED\\\"}]\"',NULL,195,'ca4a8f02-2e38-4ac0-8046-6fe12e338508','REFERRALS',1,'2025-01-30 18:16:00','2025-01-30 18:16:00',NULL),(110,'Codified Reason','CODIFIED_REASON','DIAGNOSIS_SEARCH',NULL,NULL,1,0,NULL,NULL,NULL,'ca4a8f02-2e38-4ac0-8046-6fe12e338508','REFERRALS',1,'2025-01-30 18:16:00','2025-01-30 18:16:00',NULL),(111,'Treatment to Date','TREATMENT_TO_DATE','TEXT',NULL,NULL,1,0,NULL,NULL,195,'ca4a8f02-2e38-4ac0-8046-6fe12e338508','REFERRALS',1,'2025-01-30 18:16:00','2025-01-30 18:16:00',NULL),(112,'Refer From','REFER_FROM_EXTERNAL','DIRECTORY_SEARCH',NULL,NULL,1,0,'\"[{\\\"context\\\":\\\"NEW_OUTBOUND\\\",\\\"restriction\\\":\\\"HIDDEN\\\"},{\\\"context\\\":\\\"EDIT_OUTBOUND\\\",\\\"restriction\\\":\\\"HIDDEN\\\"},{\\\"context\\\":\\\"EDIT_INBOUND_INTERNAL\\\",\\\"restriction\\\":\\\"HIDDEN\\\"}]\"',NULL,NULL,'ca4a8f02-2e38-4ac0-8046-6fe12e338508','REFERRALS',1,'2025-01-30 18:16:00','2025-01-30 18:16:00',NULL),(113,'Refer From','REFER_FROM_INTERNAL','ORGANIZATION',NULL,NULL,1,0,'\"[{\\\"context\\\":\\\"NEW_OUTBOUND\\\",\\\"restriction\\\":\\\"HIDDEN\\\"},{\\\"context\\\":\\\"EDIT_OUTBOUND\\\",\\\"restriction\\\":\\\"DISABLED\\\"},{\\\"context\\\":\\\"EDIT_INBOUND_INTERNAL\\\",\\\"restriction\\\":\\\"DISABLED\\\"},{\\\"context\\\":\\\"NEW_INBOUND\\\",\\\"restriction\\\":\\\"HIDDEN\\\"},{\\\"context\\\":\\\"EDIT_INBOUND_EXTERNAL\\\",\\\"restriction\\\":\\\"HIDDEN\\\"}]\"',NULL,NULL,'ca4a8f02-2e38-4ac0-8046-6fe12e338508','REFERRALS',1,'2025-01-30 18:16:00','2025-01-30 18:16:00',NULL),(114,'Written Date','WRITTEN_DATE','DATE',NULL,NULL,1,0,'\"[{\\\"context\\\":\\\"NEW_INBOUND\\\",\\\"restriction\\\":\\\"REQUIRED\\\"},{\\\"context\\\":\\\"EDIT_INBOUND_EXTERNAL\\\",\\\"restriction\\\":\\\"REQUIRED\\\"},{\\\"context\\\":\\\"NEW_OUTBOUND\\\",\\\"restriction\\\":\\\"HIDDEN\\\"},{\\\"context\\\":\\\"EDIT_OUTBOUND\\\",\\\"restriction\\\":\\\"DISABLED\\\"},{\\\"context\\\":\\\"EDIT_INBOUND_INTERNAL\\\",\\\"restriction\\\":\\\"DISABLED\\\"}]\"',NULL,NULL,'ca4a8f02-2e38-4ac0-8046-6fe12e338508','REFERRALS',1,'2025-01-30 18:16:00','2025-01-30 18:16:00',NULL),(115,'Requested Start Date','REQUESTED_START_DATE','DATE',NULL,NULL,1,0,'\"[{\\\"context\\\":\\\"ALL\\\",\\\"restriction\\\":\\\"AFTER_FIELD\\\",\\\"relatedField\\\":\\\"WRITTEN_DATE\\\"}]\"',NULL,NULL,'ca4a8f02-2e38-4ac0-8046-6fe12e338508','REFERRALS',1,'2025-01-30 18:16:00','2025-01-30 18:16:00',NULL),(116,'Service By Date','SERVICE_BY_DATE','DATE',NULL,NULL,1,0,'\"[{\\\"context\\\":\\\"ALL\\\",\\\"restriction\\\":\\\"AFTER_FIELD\\\",\\\"relatedField\\\":\\\"REQUESTED_START_DATE\\\"},{\\\"context\\\":\\\"ALL\\\",\\\"restriction\\\":\\\"AFTER_FIELD\\\",\\\"relatedField\\\":\\\"WRITTEN_DATE\\\"}]\"',NULL,NULL,'ca4a8f02-2e38-4ac0-8046-6fe12e338508','REFERRALS',1,'2025-01-30 18:16:00','2025-01-30 18:16:00',NULL),(117,'Refer To','REFER_TO','DIRECTORY_SEARCH',NULL,NULL,1,0,'\"[{\\\"context\\\":\\\"NEW_INBOUND\\\",\\\"restriction\\\":\\\"REQUIRED\\\"},{\\\"context\\\":\\\"EDIT_INBOUND_EXTERNAL\\\",\\\"restriction\\\":\\\"REQUIRED\\\"},{\\\"context\\\":\\\"EDIT_INBOUND_INTERNAL\\\",\\\"restriction\\\":\\\"REQUIRED\\\"}]\"',NULL,NULL,'ca4a8f02-2e38-4ac0-8046-6fe12e338508','REFERRALS',1,'2025-01-30 18:16:00','2025-01-30 18:16:00',NULL),(118,'Priority','PRIORITY','SELECT','SELECT','PRIORITY',1,0,'\"[{\\\"context\\\":\\\"ALL\\\",\\\"restriction\\\":\\\"REQUIRED\\\"}]\"',NULL,NULL,'ca4a8f02-2e38-4ac0-8046-6fe12e338508','REFERRALS',1,'2025-01-30 18:16:00','2025-01-30 18:16:00',NULL),(119,'Instructions to Staff','INSTRUCTIONS_TO_STAFF','TEXT',NULL,NULL,1,0,NULL,NULL,195,'ca4a8f02-2e38-4ac0-8046-6fe12e338508','REFERRALS',1,'2025-01-30 18:16:00','2025-01-30 18:16:00',NULL),(120,'Comment','REFERRAL_COMMENT','TEXT',NULL,NULL,1,0,'\"[{\\\"context\\\":\\\"EDIT_OUTBOUND\\\",\\\"restriction\\\":\\\"HIDDEN\\\"},{\\\"context\\\":\\\"EDIT_INBOUND_INTERNAL\\\",\\\"restriction\\\":\\\"HIDDEN\\\"},{\\\"context\\\":\\\"EDIT_INBOUND_EXTERNAL\\\",\\\"restriction\\\":\\\"HIDDEN\\\"},{\\\"context\\\":\\\"PROVIDER_LETTER\\\",\\\"restriction\\\":\\\"HIDDEN\\\"}]\"',NULL,255,'ca4a8f02-2e38-4ac0-8046-6fe12e338508','REFERRALS',1,'2025-01-30 18:16:00','2025-01-30 18:16:00',NULL),(121,'Healthcare Guarantee Date','HEALTHCARE_GUARANTEE_DATE','DATE',NULL,NULL,1,0,'\"[{\\\"context\\\":\\\"ALL\\\",\\\"restriction\\\":\\\"DISABLED\\\"},{\\\"context\\\":\\\"PROVIDER_LETTER\\\",\\\"restriction\\\":\\\"HIDDEN\\\"},{\\\"context\\\":\\\"NEW_INBOUND\\\",\\\"restriction\\\":\\\"HIDDEN\\\"}]\"',NULL,NULL,'ca4a8f02-2e38-4ac0-8046-6fe12e338508','REFERRALS',0,'2025-01-30 18:16:00','2025-01-30 18:16:01',2),(122,'Waive Healthcare Guarantee Date','WAVIEHGD','SELECT','RADIO',NULL,1,0,'\"[{\\\"context\\\":\\\"NEW_OUTBOUND\\\",\\\"restriction\\\":\\\"HIDDEN\\\"},{\\\"context\\\":\\\"EDIT_OUTBOUND\\\",\\\"restriction\\\":\\\"HIDDEN\\\"},{\\\"context\\\":\\\"PROVIDER_LETTER\\\",\\\"restriction\\\":\\\"HIDDEN\\\"},{\\\"context\\\":\\\"NEW_INBOUND\\\",\\\"restriction\\\":\\\"HIDDEN\\\"}]\"','\"[{\\\"display\\\":\\\"Yes\\\",\\\"key\\\":\\\"YES\\\",\\\"is_active\\\":true},{\\\"display\\\":\\\"No\\\",\\\"key\\\":\\\"NO\\\",\\\"is_active\\\":true}]\"',NULL,'ca4a8f02-2e38-4ac0-8046-6fe12e338508','REFERRALS',0,'2025-01-30 18:16:00','2025-01-30 18:16:01',2),(123,'Problem Code','PROBLEM_CODE','SELECT','SELECT','PROBLEM_CODE',1,0,'\"[{\\\"context\\\":\\\"NEW_OUTBOUND\\\",\\\"restriction\\\":\\\"HIDDEN\\\"},{\\\"context\\\":\\\"EDIT_OUTBOUND\\\",\\\"restriction\\\":\\\"HIDDEN\\\"},{\\\"context\\\":\\\"PROVIDER_LETTER\\\",\\\"restriction\\\":\\\"HIDDEN\\\"}]\"',NULL,NULL,'ca4a8f02-2e38-4ac0-8046-6fe12e338508','REFERRALS',0,'2025-01-30 18:16:00','2025-01-30 18:16:00',NULL),(124,'Wait time','WAIT_TIME','TEXT',NULL,NULL,1,0,'\"[{\\\"context\\\":\\\"NEW_OUTBOUND\\\",\\\"restriction\\\":\\\"HIDDEN\\\"},{\\\"context\\\":\\\"EDIT_OUTBOUND\\\",\\\"restriction\\\":\\\"HIDDEN\\\"},{\\\"context\\\":\\\"ALL\\\",\\\"restriction\\\":\\\"INTEGER\\\"},{\\\"context\\\":\\\"PROVIDER_LETTER\\\",\\\"restriction\\\":\\\"HIDDEN\\\"},{\\\"context\\\":\\\"NEW_INBOUND\\\",\\\"restriction\\\":\\\"HIDDEN\\\"}]\"',NULL,3,'ca4a8f02-2e38-4ac0-8046-6fe12e338508','REFERRALS',0,'2025-01-30 18:16:00','2025-01-30 18:16:02',1),(125,'Order Comment','ORDER_COMMENT','TEXT',NULL,NULL,1,1,'\"[{\\\"context\\\":\\\"EDIT_OUTBOUND\\\",\\\"restriction\\\":\\\"DISABLED\\\"},{\\\"context\\\":\\\"EDIT_INBOUND_INTERNAL\\\",\\\"restriction\\\":\\\"DISABLED\\\"},{\\\"context\\\":\\\"EDIT_INBOUND_EXTERNAL\\\",\\\"restriction\\\":\\\"HIDDEN\\\"},{\\\"context\\\":\\\"NEW_INBOUND\\\",\\\"restriction\\\":\\\"HIDDEN\\\"},{\\\"context\\\":\\\"NEW_OUTBOUND\\\",\\\"restriction\\\":\\\"HIDDEN\\\"},{\\\"context\\\":\\\"PROVIDER_LETTER\\\",\\\"restriction\\\":\\\"HIDDEN\\\"}]\"',NULL,32000,'ca4a8f02-2e38-4ac0-8046-6fe12e338508','REFERRALS',1,'2025-01-30 18:16:00','2025-01-30 18:16:02',1),(126,'Interfacility Consult Location','OHAI_IFC','SELECT','SELECT','OHAI_IFC',1,0,'\"[{\\\"context\\\": \\\"PROVIDER_LETTER\\\", \\\"restriction\\\": \\\"HIDDEN\\\"}]\"',NULL,NULL,'ca4a8f02-2e38-4ac0-8046-6fe12e338508','REFERRALS',0,'2025-01-30 18:16:01','2025-01-30 18:16:01',1),(127,'Standard Episodes of Care','OHAI_SEOC','SELECT','SELECT','OHAI_SEOC',1,0,'\"[{\\\"context\\\": \\\"PROVIDER_LETTER\\\", \\\"restriction\\\": \\\"HIDDEN\\\"}]\"',NULL,NULL,'ca4a8f02-2e38-4ac0-8046-6fe12e338508','REFERRALS',0,'2025-01-30 18:16:01','2025-01-30 18:16:01',1),(128,'What is your clinical question for the specialist?','ECONSULT_CLINICAL_QUESTION','TEXT',NULL,NULL,0,0,'\"[]\"','\"[]\"',195,'ca4a8f02-2e38-4ac0-8046-6fe12e338508','REFERRALS',1,'2025-01-30 22:26:24','2025-01-30 22:26:24',NULL),(129,'Have investigations/clinical treatments been completed to date?','ECONSULT_RELEVANT_TREATMENTS','TEXT',NULL,NULL,0,0,'\"[]\"','\"[]\"',195,'ca4a8f02-2e38-4ac0-8046-6fe12e338508','REFERRALS',1,'2025-01-30 22:27:27','2025-01-30 22:27:27',NULL),(130,'Important Patient Background:','ECONSULT_MEDICAL_HISTORY','TEXT',NULL,NULL,0,0,'\"[]\"','\"[]\"',195,'ca4a8f02-2e38-4ac0-8046-6fe12e338508','REFERRALS',1,'2025-01-30 22:28:13','2025-01-30 22:28:13',NULL),(131,'Does the patient have immunodeficiency?','IMMUNODEFICIENCY','SELECT','SELECT',NULL,0,0,'\"[]\"','\"[{\\\"display\\\":\\\"Yes\\\",\\\"key\\\":\\\"YES\\\",\\\"is_active\\\":true},{\\\"display\\\":\\\"No\\\",\\\"key\\\":\\\"NO\\\",\\\"is_active\\\":true}]\"',0,'ca4a8f02-2e38-4ac0-8046-6fe12e338508','REFERRALS',1,'2025-02-03 23:18:23','2025-02-03 23:18:23',NULL),(132,'How many infections has the patient had over a year?','NUMBER_INFECTIONS','TEXT',NULL,NULL,0,0,'\"[{\\\"context\\\":\\\"ALL\\\",\\\"restriction\\\":\\\"INTEGER\\\"}]\"','\"[]\"',195,'ca4a8f02-2e38-4ac0-8046-6fe12e338508','REFERRALS',1,'2025-02-03 23:19:28','2025-02-03 23:19:28',NULL),(133,'What type of infections?','INFECTION_TYPE','TEXT',NULL,NULL,0,0,'\"[]\"','\"[]\"',195,'ca4a8f02-2e38-4ac0-8046-6fe12e338508','REFERRALS',1,'2025-02-03 23:20:04','2025-02-03 23:20:04',NULL),(134,'Has Allergy Testing been completed?','ALLERGY_TESTING','SELECT','SELECT',NULL,0,0,'\"[]\"','\"[{\\\"display\\\":\\\"Yes\\\",\\\"key\\\":\\\"YES\\\",\\\"is_active\\\":true},{\\\"display\\\":\\\"No\\\",\\\"key\\\":\\\"NO\\\",\\\"is_active\\\":true}]\"',0,'ca4a8f02-2e38-4ac0-8046-6fe12e338508','REFERRALS',1,'2025-02-03 23:21:02','2025-02-03 23:21:02',NULL),(135,'Location of Allergy Testing completed (Prior):','ALLERGY_TESTING_LOCATION','TEXT',NULL,NULL,0,0,'\"[]\"','\"[]\"',195,'ca4a8f02-2e38-4ac0-8046-6fe12e338508','REFERRALS',1,'2025-02-03 23:21:51','2025-02-03 23:21:51',NULL),(136,'Date of Allergy Testing: ','ALLERGY_TESTING_DATE','DATE',NULL,NULL,0,0,'\"[]\"','\"[]\"',0,'ca4a8f02-2e38-4ac0-8046-6fe12e338508','REFERRALS',1,'2025-02-03 23:22:54','2025-02-03 23:22:54',NULL),(137,'Results of Testing:','ALLERGY_TESTING_RESULTS','TEXT',NULL,NULL,0,0,'\"[]\"','\"[]\"',195,'ca4a8f02-2e38-4ac0-8046-6fe12e338508','REFERRALS',1,'2025-02-03 23:23:31','2025-02-03 23:23:31',NULL),(138,'Has the patient seen a dermatologist?','PT_SEEN_DERMATOLOGY','SELECT','SELECT',NULL,0,0,'\"[]\"','\"[{\\\"display\\\":\\\"Yes\\\",\\\"key\\\":\\\"YES\\\",\\\"is_active\\\":true},{\\\"display\\\":\\\"No\\\",\\\"key\\\":\\\"NO\\\",\\\"is_active\\\":true}]\"',0,'ca4a8f02-2e38-4ac0-8046-6fe12e338508','REFERRALS',1,'2025-02-03 23:24:30','2025-02-03 23:24:30',NULL),(139,'If Yes - Where: (Organization/Location)','DERMATOLOGY_LOCATION','TEXT',NULL,NULL,0,0,'\"[]\"','\"[]\"',195,'ca4a8f02-2e38-4ac0-8046-6fe12e338508','REFERRALS',1,'2025-02-03 23:25:24','2025-02-03 23:25:24',NULL),(140,'If Yes - Who: (Physician)','DERMATOLOGY_PHYSICIAN_SEEN','TEXT',NULL,NULL,0,0,'\"[]\"','\"[]\"',195,'ca4a8f02-2e38-4ac0-8046-6fe12e338508','REFERRALS',1,'2025-02-03 23:26:17','2025-02-03 23:26:17',NULL),(141,'If Yes - When: (Date)','DERMATOLOGY_DATE_SEEN','DATE',NULL,NULL,0,0,'\"[]\"','\"[]\"',0,'ca4a8f02-2e38-4ac0-8046-6fe12e338508','REFERRALS',1,'2025-02-03 23:27:04','2025-02-03 23:27:04',NULL),(144,'Medical Service','MEDICAL_SERVICE','SELECT','SELECT','MEDICAL_SERVICE',1,1,'\"[{\\\"context\\\" : \\\"ALL\\\", \\\"restriction\\\" : \\\"REQUIRED\\\"}, {\\\"context\\\" : \\\"NEW_OUTBOUND\\\", \\\"restriction\\\" : \\\"DISABLED\\\"}]\"',NULL,NULL,'AdmVvrbHriE7AWDLGoyfeuamNXOy9O_a','REFERRALS',1,'2025-02-06 16:00:50','2025-02-06 16:00:50',NULL),(145,'Referral Type','REFERRAL_TYPE','SELECT','SELECT','REFERRAL_TYPE',1,1,'\"[]\"',NULL,NULL,'AdmVvrbHriE7AWDLGoyfeuamNXOy9O_a','REFERRALS',1,'2025-02-06 16:00:50','2025-02-06 16:00:51',2),(146,'Referral Reason','REFERRAL_REASON','TEXT',NULL,NULL,1,0,'\"[{\\\"context\\\":\\\"ALL\\\",\\\"restriction\\\":\\\"REQUIRED\\\"}]\"',NULL,195,'AdmVvrbHriE7AWDLGoyfeuamNXOy9O_a','REFERRALS',1,'2025-02-06 16:00:50','2025-02-06 16:00:50',NULL),(147,'Codified Reason','CODIFIED_REASON','DIAGNOSIS_SEARCH',NULL,NULL,1,0,NULL,NULL,NULL,'AdmVvrbHriE7AWDLGoyfeuamNXOy9O_a','REFERRALS',1,'2025-02-06 16:00:51','2025-02-06 16:00:51',NULL),(148,'Treatment to Date','TREATMENT_TO_DATE','TEXT',NULL,NULL,1,0,NULL,NULL,195,'AdmVvrbHriE7AWDLGoyfeuamNXOy9O_a','REFERRALS',1,'2025-02-06 16:00:51','2025-02-06 16:00:51',NULL),(149,'Refer From','REFER_FROM_EXTERNAL','DIRECTORY_SEARCH',NULL,NULL,1,0,'\"[{\\\"context\\\":\\\"NEW_OUTBOUND\\\",\\\"restriction\\\":\\\"HIDDEN\\\"},{\\\"context\\\":\\\"EDIT_OUTBOUND\\\",\\\"restriction\\\":\\\"HIDDEN\\\"},{\\\"context\\\":\\\"EDIT_INBOUND_INTERNAL\\\",\\\"restriction\\\":\\\"HIDDEN\\\"}]\"',NULL,NULL,'AdmVvrbHriE7AWDLGoyfeuamNXOy9O_a','REFERRALS',1,'2025-02-06 16:00:51','2025-02-06 16:00:51',NULL),(150,'Refer From','REFER_FROM_INTERNAL','ORGANIZATION',NULL,NULL,1,0,'\"[{\\\"context\\\":\\\"NEW_OUTBOUND\\\",\\\"restriction\\\":\\\"HIDDEN\\\"},{\\\"context\\\":\\\"EDIT_OUTBOUND\\\",\\\"restriction\\\":\\\"DISABLED\\\"},{\\\"context\\\":\\\"EDIT_INBOUND_INTERNAL\\\",\\\"restriction\\\":\\\"DISABLED\\\"},{\\\"context\\\":\\\"NEW_INBOUND\\\",\\\"restriction\\\":\\\"HIDDEN\\\"},{\\\"context\\\":\\\"EDIT_INBOUND_EXTERNAL\\\",\\\"restriction\\\":\\\"HIDDEN\\\"}]\"',NULL,NULL,'AdmVvrbHriE7AWDLGoyfeuamNXOy9O_a','REFERRALS',1,'2025-02-06 16:00:51','2025-02-06 16:00:51',NULL),(151,'Written Date','WRITTEN_DATE','DATE',NULL,NULL,1,0,'\"[{\\\"context\\\":\\\"NEW_INBOUND\\\",\\\"restriction\\\":\\\"REQUIRED\\\"},{\\\"context\\\":\\\"EDIT_INBOUND_EXTERNAL\\\",\\\"restriction\\\":\\\"REQUIRED\\\"},{\\\"context\\\":\\\"NEW_OUTBOUND\\\",\\\"restriction\\\":\\\"HIDDEN\\\"},{\\\"context\\\":\\\"EDIT_OUTBOUND\\\",\\\"restriction\\\":\\\"DISABLED\\\"},{\\\"context\\\":\\\"EDIT_INBOUND_INTERNAL\\\",\\\"restriction\\\":\\\"DISABLED\\\"}]\"',NULL,NULL,'AdmVvrbHriE7AWDLGoyfeuamNXOy9O_a','REFERRALS',1,'2025-02-06 16:00:51','2025-02-06 16:00:51',NULL),(152,'Requested Start Date','REQUESTED_START_DATE','DATE',NULL,NULL,1,0,'\"[{\\\"context\\\":\\\"ALL\\\",\\\"restriction\\\":\\\"AFTER_FIELD\\\",\\\"relatedField\\\":\\\"WRITTEN_DATE\\\"}]\"',NULL,NULL,'AdmVvrbHriE7AWDLGoyfeuamNXOy9O_a','REFERRALS',1,'2025-02-06 16:00:51','2025-02-06 16:00:51',NULL),(153,'Service By Date','SERVICE_BY_DATE','DATE',NULL,NULL,1,0,'\"[{\\\"context\\\":\\\"ALL\\\",\\\"restriction\\\":\\\"AFTER_FIELD\\\",\\\"relatedField\\\":\\\"REQUESTED_START_DATE\\\"},{\\\"context\\\":\\\"ALL\\\",\\\"restriction\\\":\\\"AFTER_FIELD\\\",\\\"relatedField\\\":\\\"WRITTEN_DATE\\\"}]\"',NULL,NULL,'AdmVvrbHriE7AWDLGoyfeuamNXOy9O_a','REFERRALS',1,'2025-02-06 16:00:51','2025-02-06 16:00:51',NULL),(154,'Refer To','REFER_TO','DIRECTORY_SEARCH',NULL,NULL,1,0,'\"[{\\\"context\\\":\\\"NEW_INBOUND\\\",\\\"restriction\\\":\\\"REQUIRED\\\"},{\\\"context\\\":\\\"EDIT_INBOUND_EXTERNAL\\\",\\\"restriction\\\":\\\"REQUIRED\\\"},{\\\"context\\\":\\\"EDIT_INBOUND_INTERNAL\\\",\\\"restriction\\\":\\\"REQUIRED\\\"}]\"',NULL,NULL,'AdmVvrbHriE7AWDLGoyfeuamNXOy9O_a','REFERRALS',1,'2025-02-06 16:00:51','2025-02-06 16:00:51',NULL),(155,'Priority','PRIORITY','SELECT','SELECT','PRIORITY',1,0,'\"[{\\\"context\\\":\\\"ALL\\\",\\\"restriction\\\":\\\"REQUIRED\\\"}]\"',NULL,NULL,'AdmVvrbHriE7AWDLGoyfeuamNXOy9O_a','REFERRALS',1,'2025-02-06 16:00:51','2025-02-06 16:00:51',NULL),(156,'Instructions to Staff','INSTRUCTIONS_TO_STAFF','TEXT',NULL,NULL,1,0,NULL,NULL,195,'AdmVvrbHriE7AWDLGoyfeuamNXOy9O_a','REFERRALS',1,'2025-02-06 16:00:51','2025-02-06 16:00:51',NULL),(157,'Comment','REFERRAL_COMMENT','TEXT',NULL,NULL,1,0,'\"[{\\\"context\\\":\\\"EDIT_OUTBOUND\\\",\\\"restriction\\\":\\\"HIDDEN\\\"},{\\\"context\\\":\\\"EDIT_INBOUND_INTERNAL\\\",\\\"restriction\\\":\\\"HIDDEN\\\"},{\\\"context\\\":\\\"EDIT_INBOUND_EXTERNAL\\\",\\\"restriction\\\":\\\"HIDDEN\\\"},{\\\"context\\\":\\\"PROVIDER_LETTER\\\",\\\"restriction\\\":\\\"HIDDEN\\\"}]\"',NULL,255,'AdmVvrbHriE7AWDLGoyfeuamNXOy9O_a','REFERRALS',1,'2025-02-06 16:00:51','2025-02-06 16:00:51',NULL),(158,'Healthcare Guarantee Date','HEALTHCARE_GUARANTEE_DATE','DATE',NULL,NULL,1,0,'\"[{\\\"context\\\":\\\"ALL\\\",\\\"restriction\\\":\\\"DISABLED\\\"},{\\\"context\\\":\\\"PROVIDER_LETTER\\\",\\\"restriction\\\":\\\"HIDDEN\\\"},{\\\"context\\\":\\\"NEW_INBOUND\\\",\\\"restriction\\\":\\\"HIDDEN\\\"}]\"',NULL,NULL,'AdmVvrbHriE7AWDLGoyfeuamNXOy9O_a','REFERRALS',0,'2025-02-06 16:00:51','2025-02-06 16:00:52',2),(159,'Waive Healthcare Guarantee Date','WAVIEHGD','SELECT','RADIO',NULL,1,0,'\"[{\\\"context\\\":\\\"NEW_OUTBOUND\\\",\\\"restriction\\\":\\\"HIDDEN\\\"},{\\\"context\\\":\\\"EDIT_OUTBOUND\\\",\\\"restriction\\\":\\\"HIDDEN\\\"},{\\\"context\\\":\\\"PROVIDER_LETTER\\\",\\\"restriction\\\":\\\"HIDDEN\\\"},{\\\"context\\\":\\\"NEW_INBOUND\\\",\\\"restriction\\\":\\\"HIDDEN\\\"}]\"','\"[{\\\"display\\\":\\\"Yes\\\",\\\"key\\\":\\\"YES\\\",\\\"is_active\\\":true},{\\\"display\\\":\\\"No\\\",\\\"key\\\":\\\"NO\\\",\\\"is_active\\\":true}]\"',NULL,'AdmVvrbHriE7AWDLGoyfeuamNXOy9O_a','REFERRALS',0,'2025-02-06 16:00:51','2025-02-06 16:00:51',2),(160,'Problem Code','PROBLEM_CODE','SELECT','SELECT','PROBLEM_CODE',1,0,'\"[{\\\"context\\\":\\\"NEW_OUTBOUND\\\",\\\"restriction\\\":\\\"HIDDEN\\\"},{\\\"context\\\":\\\"EDIT_OUTBOUND\\\",\\\"restriction\\\":\\\"HIDDEN\\\"},{\\\"context\\\":\\\"PROVIDER_LETTER\\\",\\\"restriction\\\":\\\"HIDDEN\\\"}]\"',NULL,NULL,'AdmVvrbHriE7AWDLGoyfeuamNXOy9O_a','REFERRALS',0,'2025-02-06 16:00:51','2025-02-06 16:00:51',NULL),(161,'Wait time','WAIT_TIME','TEXT',NULL,NULL,1,0,'\"[{\\\"context\\\":\\\"NEW_OUTBOUND\\\",\\\"restriction\\\":\\\"HIDDEN\\\"},{\\\"context\\\":\\\"EDIT_OUTBOUND\\\",\\\"restriction\\\":\\\"HIDDEN\\\"},{\\\"context\\\":\\\"ALL\\\",\\\"restriction\\\":\\\"INTEGER\\\"},{\\\"context\\\":\\\"PROVIDER_LETTER\\\",\\\"restriction\\\":\\\"HIDDEN\\\"},{\\\"context\\\":\\\"NEW_INBOUND\\\",\\\"restriction\\\":\\\"HIDDEN\\\"}]\"',NULL,3,'AdmVvrbHriE7AWDLGoyfeuamNXOy9O_a','REFERRALS',0,'2025-02-06 16:00:51','2025-02-06 16:00:52',1),(162,'Order Comment','ORDER_COMMENT','TEXT',NULL,NULL,1,1,'\"[{\\\"context\\\":\\\"EDIT_OUTBOUND\\\",\\\"restriction\\\":\\\"DISABLED\\\"},{\\\"context\\\":\\\"EDIT_INBOUND_INTERNAL\\\",\\\"restriction\\\":\\\"DISABLED\\\"},{\\\"context\\\":\\\"EDIT_INBOUND_EXTERNAL\\\",\\\"restriction\\\":\\\"HIDDEN\\\"},{\\\"context\\\":\\\"NEW_INBOUND\\\",\\\"restriction\\\":\\\"HIDDEN\\\"},{\\\"context\\\":\\\"NEW_OUTBOUND\\\",\\\"restriction\\\":\\\"HIDDEN\\\"},{\\\"context\\\":\\\"PROVIDER_LETTER\\\",\\\"restriction\\\":\\\"HIDDEN\\\"}]\"',NULL,32000,'AdmVvrbHriE7AWDLGoyfeuamNXOy9O_a','REFERRALS',1,'2025-02-06 16:00:51','2025-02-06 16:00:52',1),(163,'Interfacility Consult Location','OHAI_IFC','SELECT','SELECT','OHAI_IFC',1,0,'\"[{\\\"context\\\": \\\"PROVIDER_LETTER\\\", \\\"restriction\\\": \\\"HIDDEN\\\"}]\"',NULL,NULL,'AdmVvrbHriE7AWDLGoyfeuamNXOy9O_a','REFERRALS',0,'2025-02-06 16:00:51','2025-02-06 16:00:51',1),(164,'Standard Episodes of Care','OHAI_SEOC','SELECT','SELECT','OHAI_SEOC',1,0,'\"[{\\\"context\\\": \\\"PROVIDER_LETTER\\\", \\\"restriction\\\": \\\"HIDDEN\\\"}]\"',NULL,NULL,'AdmVvrbHriE7AWDLGoyfeuamNXOy9O_a','REFERRALS',0,'2025-02-06 16:00:51','2025-02-06 16:00:51',1);
/*!40000 ALTER TABLE `form_fields` ENABLE KEYS */;
UNLOCK TABLES;

--
-- Table structure for table `forms`
--

DROP TABLE IF EXISTS `forms`;
/*!40101 SET @saved_cs_client     = @@character_set_client */;
/*!50503 SET character_set_client = utf8mb4 */;
CREATE TABLE `forms` (
  `id` bigint(20) NOT NULL AUTO_INCREMENT,
  `form_name` varchar(300) COLLATE utf8mb4_unicode_ci NOT NULL,
  `tenant_id` varchar(50) COLLATE utf8mb4_unicode_ci NOT NULL,
  `cerner_defined` tinyint(1) NOT NULL,
  `is_active` tinyint(1) NOT NULL DEFAULT '1',
  `concept` varchar(50) COLLATE utf8mb4_unicode_ci NOT NULL DEFAULT 'REFERRALS',
  `created_at` datetime NOT NULL,
  `updated_at` datetime NOT NULL,
  PRIMARY KEY (`id`),
  UNIQUE KEY `index_forms_on_form_name_and_tenant_id_and_concept` (`form_name`,`tenant_id`,`concept`)
) ENGINE=InnoDB AUTO_INCREMENT=18 DEFAULT CHARSET=utf8mb4 COLLATE=utf8mb4_unicode_ci ROW_FORMAT=DYNAMIC;
/*!40101 SET character_set_client = @saved_cs_client */;

--
-- Dumping data for table `forms`
--

LOCK TABLES `forms` WRITE;
/*!40000 ALTER TABLE `forms` DISABLE KEYS */;
INSERT INTO `forms` VALUES (3,'Referral form (Default)','d242a518-4074-4bd4-a3a6-adfe0c5c1c51',1,1,'REFERRALS','2023-12-12 17:45:55','2023-12-12 17:45:55'),(4,'Test Form','d242a518-4074-4bd4-a3a6-adfe0c5c1c51',0,1,'REFERRALS','2023-12-14 12:33:55','2023-12-14 12:33:55'),(5,'Test Form-1','d242a518-4074-4bd4-a3a6-adfe0c5c1c51',0,1,'REFERRALS','2024-01-16 21:20:11','2024-02-01 07:31:53'),(6,'Referral form (Default)','nya9mWd9vqI_z1LcF5uLfCwewAGCVrY1',1,1,'REFERRALS','2024-06-07 12:52:49','2024-06-07 12:52:49'),(7,'Allergy & Immunology','nya9mWd9vqI_z1LcF5uLfCwewAGCVrY1',0,1,'REFERRALS','2024-06-07 12:53:20','2024-06-07 12:53:20'),(8,'General eConsult','nya9mWd9vqI_z1LcF5uLfCwewAGCVrY1',0,1,'REFERRALS','2024-06-07 13:07:10','2024-06-07 13:07:10'),(9,'Test Form 2','d242a518-4074-4bd4-a3a6-adfe0c5c1c51',0,1,'REFERRALS','2024-08-22 13:11:50','2024-08-22 13:11:50'),(10,'Referral form (Default)','Vo3nb7XNL_9G2kQXBPPW3-r0QcpkrCy7',1,1,'REFERRALS','2024-09-23 17:48:11','2024-09-23 17:48:11'),(11,'Sam Test','d242a518-4074-4bd4-a3a6-adfe0c5c1c51',0,1,'REFERRALS','2024-12-19 14:45:30','2024-12-19 14:45:30'),(12,'eConsult Infectious Disease','Vo3nb7XNL_9G2kQXBPPW3-r0QcpkrCy7',0,1,'REFERRALS','2024-12-20 21:31:40','2024-12-20 21:31:40'),(13,'Referral form (Default)','ca4a8f02-2e38-4ac0-8046-6fe12e338508',1,1,'REFERRALS','2025-01-30 18:16:00','2025-01-30 18:16:00'),(14,'General eConsult','ca4a8f02-2e38-4ac0-8046-6fe12e338508',0,1,'REFERRALS','2025-01-30 22:22:25','2025-01-30 22:25:03'),(15,'Allergy & Immunology','ca4a8f02-2e38-4ac0-8046-6fe12e338508',0,1,'REFERRALS','2025-02-03 23:17:18','2025-02-03 23:17:18'),(16,'Referral form (Default)','AdmVvrbHriE7AWDLGoyfeuamNXOy9O_a',1,1,'REFERRALS','2025-02-06 16:00:50','2025-02-06 16:00:50'),(17,'TH Referral Form ','AdmVvrbHriE7AWDLGoyfeuamNXOy9O_a',0,0,'REFERRALS','2025-02-06 16:32:57','2025-02-06 18:04:09');
/*!40000 ALTER TABLE `forms` ENABLE KEYS */;
UNLOCK TABLES;

--
-- Table structure for table `schema_migrations`
--

DROP TABLE IF EXISTS `schema_migrations`;
/*!40101 SET @saved_cs_client     = @@character_set_client */;
/*!50503 SET character_set_client = utf8mb4 */;
CREATE TABLE `schema_migrations` (
  `version` varchar(255) CHARACTER SET utf8 COLLATE utf8_unicode_ci NOT NULL,
  PRIMARY KEY (`version`)
) ENGINE=InnoDB DEFAULT CHARSET=utf8mb4 COLLATE=utf8mb4_unicode_ci;
/*!40101 SET character_set_client = @saved_cs_client */;

--
-- Dumping data for table `schema_migrations`
--

LOCK TABLES `schema_migrations` WRITE;
/*!40000 ALTER TABLE `schema_migrations` DISABLE KEYS */;
INSERT INTO `schema_migrations` VALUES ('20190225164544'),('20201028145654'),('20201028154031'),('20201028154628'),('20201028160007'),('20210126145137'),('20210312101343'),('20210316135011'),('20210316135130'),('20220928171850'),('20230410113602'),('20230413003441');
/*!40000 ALTER TABLE `schema_migrations` ENABLE KEYS */;
UNLOCK TABLES;

--
-- Table structure for table `sessions`
--

DROP TABLE IF EXISTS `sessions`;
/*!40101 SET @saved_cs_client     = @@character_set_client */;
/*!50503 SET character_set_client = utf8mb4 */;
CREATE TABLE `sessions` (
  `id` int(11) NOT NULL AUTO_INCREMENT,
  `session_id` varchar(191) COLLATE utf8mb4_unicode_ci NOT NULL,
  `data` text COLLATE utf8mb4_unicode_ci,
  `lock_version` int(11) DEFAULT NULL,
  `created_at` datetime DEFAULT NULL,
  `updated_at` datetime DEFAULT NULL,
  PRIMARY KEY (`id`),
  UNIQUE KEY `index_sessions_on_session_id` (`session_id`),
  KEY `index_sessions_on_updated_at` (`updated_at`)
) ENGINE=InnoDB DEFAULT CHARSET=utf8mb4 COLLATE=utf8mb4_unicode_ci ROW_FORMAT=DYNAMIC;
/*!40101 SET character_set_client = @saved_cs_client */;

--
-- Dumping data for table `sessions`
--

LOCK TABLES `sessions` WRITE;
/*!40000 ALTER TABLE `sessions` DISABLE KEYS */;
/*!40000 ALTER TABLE `sessions` ENABLE KEYS */;
UNLOCK TABLES;
/*!40103 SET TIME_ZONE=@OLD_TIME_ZONE */;

/*!40101 SET SQL_MODE=@OLD_SQL_MODE */;
/*!40014 SET FOREIGN_KEY_CHECKS=@OLD_FOREIGN_KEY_CHECKS */;
/*!40014 SET UNIQUE_CHECKS=@OLD_UNIQUE_CHECKS */;
/*!40101 SET CHARACTER_SET_CLIENT=@OLD_CHARACTER_SET_CLIENT */;
/*!40101 SET CHARACTER_SET_RESULTS=@OLD_CHARACTER_SET_RESULTS */;
/*!40101 SET COLLATION_CONNECTION=@OLD_COLLATION_CONNECTION */;
/*!40111 SET SQL_NOTES=@OLD_SQL_NOTES */;

-- Dump completed on 2025-03-26 20:39:46
